,tour,place,prize,team
0,ESL One Genting 2018,1,"$160,000","<img alt="""" height=""24"" src=""/commons/images/1/10/Gold.png"" width=""24""/>"
1,DreamLeague Season 8,1,"$500,000",Team Secret
2,DreamLeague Season 8,2,"$200,000",Team Liquid
3,DreamLeague Season 8,3,"$100,000",Evil Geniuses
4,DreamLeague Season 8,4,"$70,000",Natus Vincere
5,DreamLeague Season 8,5,"$45,000",Newbee
6,DreamLeague Season 8,5,"$45,000",Virtus.pro
7,DreamLeague Season 8,7,"$20,000",Fnatic
8,DreamLeague Season 8,7,"$20,000",Infamous
9,ESL One Hamburg 2017,1,"$500,000",Virtus.pro
10,ESL One Hamburg 2017,2,"$200,000",Team Secret
11,ESL One Hamburg 2017,3,"$90,000",Team Liquid
12,ESL One Hamburg 2017,3,"$90,000",Newbee
13,ESL One Hamburg 2017,5,"$40,000",Evil Geniuses
14,ESL One Hamburg 2017,5,"$40,000",Keen Gaming
15,ESL One Hamburg 2017,7,"$20,000",Fnatic
16,ESL One Hamburg 2017,7,"$20,000",SG e-sports
17,The International 2017,1,"$10,862,683",Team Liquid
18,The International 2017,2,"$3,950,067",Newbee
19,The International 2017,3,"$2,592,231",LGD.Forever Young
20,The International 2017,4,"$1,728,154",LGD Gaming
21,The International 2017,5,"$1,110,956",Virtus.pro
22,The International 2017,5,"$1,110,956",Invictus Gaming
23,The International 2017,7,"$617,198",Team Empire
24,The International 2017,7,"$617,198",OG
25,The International 2017,9,"$370,319",Team Secret
26,The International 2017,9,"$370,319",Evil Geniuses
27,The International 2017,9,"$370,319",TNC Pro Team
28,The International 2017,9,"$370,319",Digital Chaos
29,The International 2017,13,"$123,440",Execration
30,The International 2017,13,"$123,440",Cloud9
31,The International 2017,13,"$123,440",Infamous
32,The International 2017,13,"$123,440",iG Vitality
33,The International 2017,17,"$61,720",Fnatic
34,The International 2017,17,"$61,720",HellRaisers
35,Mars Dota 2 League 2017,1,"$112,500",LGD Gaming
36,Mars Dota 2 League 2017,2,"$50,000",LGD.Forever Young
37,Mars Dota 2 League 2017,3,"$31,250",Newbee
38,Mars Dota 2 League 2017,4,"$18,750",OG
39,Mars Dota 2 League 2017,5,"$12,500",Evil Geniuses
40,Mars Dota 2 League 2017,5,"$12,500",Invictus Gaming
41,Mars Dota 2 League 2017,7,"$6,250",Clutch Gamers
42,Mars Dota 2 League 2017,7,"$6,250",Vici Gaming
43,DOTA Summit 7,1,"$42,500",Virtus.pro
44,DOTA Summit 7,2,"$22,500",Team Secret
45,DOTA Summit 7,3,"$10,500",LGD Gaming
46,DOTA Summit 7,4,"$10,000",Team NP
47,DOTA Summit 7,5,"$3,500",Natus Vincere
48,DOTA Summit 7,6,"$1,000",Digital Chaos
49,DOTA Summit 7,7,"$2,500",Team Empire
50,DOTA Summit 7,7,"$2,500",Team VGJ
51,Galaxy Battles,1,"$69,000",Newbee
52,Galaxy Battles,2,"$22,500",Planet Odd
53,Galaxy Battles,3,"$18,000",TNC Pro Team
54,Galaxy Battles,4,"$13,500",mousesports
55,Galaxy Battles,5,"$9,000",iG Vitality
56,Galaxy Battles,5,"$9,000",Vici Gaming
57,Galaxy Battles,7,"$4,500",Infamous
58,Galaxy Battles,7,"$4,500",HappyFeet
59,EPICENTER 2017,1,"$250,000",Team Liquid
60,EPICENTER 2017,2,"$100,000",Evil Geniuses
61,EPICENTER 2017,3,"$40,000",Team Secret
62,EPICENTER 2017,3,"$40,000",LGD.Forever Young
63,EPICENTER 2017,5,"$20,000",Invictus Gaming
64,EPICENTER 2017,5,"$20,000",Virtus.pro
65,EPICENTER 2017,7,"$10,000",OG
66,EPICENTER 2017,7,"$10,000",Planet Odd
67,EPICENTER 2017,9,"$5,000",Natus Vincere
68,EPICENTER 2017,9,"$5,000",Clutch Gamers
69,ZOTAC Cup Masters,1,"$50,000",Newbee
70,ZOTAC Cup Masters,2,"$20,000",Team NP
71,ZOTAC Cup Masters,3,"$7,000",Fnatic
72,ZOTAC Cup Masters,3,"$7,000",iG Vitality
73,ZOTAC Cup Masters,5,"$5,000",Digital Chaos
74,ZOTAC Cup Masters,5,"$5,000",Danish Bears
75,ZOTAC Cup Masters,7,"$3,000",WarriorsGaming.Unity
76,ZOTAC Cup Masters,7,"$3,000",Team Singularity
77,The Manila Masters,1,"$125,000",Evil Geniuses
78,The Manila Masters,2,"$50,000",Newbee
79,The Manila Masters,3,"$25,000",Team NP
80,The Manila Masters,4,"$20,000",Team Faceless
81,The Manila Masters,5,"$10,000",Invictus Gaming
82,The Manila Masters,5,"$10,000",OG
83,The Manila Masters,7,"$5,000",Team Secret
84,The Manila Masters,7,"$5,000",Clutch Gamers
85,StarLadder i-League Invitational #2,1,"$45,000",Team Liquid
86,StarLadder i-League Invitational #2,2,"$20,000",TNC Pro Team
87,StarLadder i-League Invitational #2,3,"$10,000",Invictus Gaming
88,StarLadder i-League Invitational #2,3,"$10,000",Newbee
89,StarLadder i-League Invitational #2,5,"$5,000",Alliance
90,StarLadder i-League Invitational #2,5,"$5,000",Vega Squadron
91,StarLadder i-League Invitational #2,7,"$2,500",Team VGJ
92,StarLadder i-League Invitational #2,7,"$2,500",Team Faceless
93,The Kiev Major 2017,1,"$1,000,000",OG
94,The Kiev Major 2017,2,"$500,000",Virtus.pro
95,The Kiev Major 2017,3,"$250,000",Invictus Gaming
96,The Kiev Major 2017,3,"$250,000",Evil Geniuses
97,The Kiev Major 2017,5,"$125,000",Team Liquid
98,The Kiev Major 2017,5,"$125,000",Team Faceless
99,The Kiev Major 2017,5,"$125,000",Team VGJ
100,The Kiev Major 2017,5,"$125,000",SG e-sports
101,The Kiev Major 2017,9,"$62,500",mousesports
102,The Kiev Major 2017,9,"$62,500",Newbee
103,The Kiev Major 2017,9,"$62,500",Digital Chaos
104,The Kiev Major 2017,9,"$62,500",iG Vitality
105,The Kiev Major 2017,9,"$62,500",TNC Pro Team
106,The Kiev Major 2017,9,"$62,500",Team Random
107,The Kiev Major 2017,9,"$62,500",Thunderbirds
108,The Kiev Major 2017,9,"$62,500",Team Secret
109,Dota 2 Asia Championships 2017,1,"$244,798",Invictus Gaming
110,Dota 2 Asia Championships 2017,2,"$91,799",OG
111,Dota 2 Asia Championships 2017,3,"$73,439",Newbee
112,Dota 2 Asia Championships 2017,4,"$55,079",iG Vitality
113,Dota 2 Asia Championships 2017,5,"$36,719",Team Empire
114,Dota 2 Asia Championships 2017,5,"$36,719",Evil Geniuses
115,Dota 2 Asia Championships 2017,7,"$18,359",Team VGJ
116,Dota 2 Asia Championships 2017,7,"$18,359",Team Faceless
117,Dota 2 Asia Championships 2017,9,"$9,179",LGD.Forever Young
118,Dota 2 Asia Championships 2017,9,"$9,179",Team NP
119,Dota 2 Asia Championships 2017,9,"$9,179",Wings Gaming
120,Dota 2 Asia Championships 2017,9,"$9,179",Team Liquid
121,StarLadder i-League StarSeries Season 3,1,"$135,000",Team Liquid
122,StarLadder i-League StarSeries Season 3,2,"$60,000",Team VGJ
123,StarLadder i-League StarSeries Season 3,3,"$30,000",TNC Pro Team
124,StarLadder i-League StarSeries Season 3,3,"$30,000",OG
125,StarLadder i-League StarSeries Season 3,5,"$15,000",Team Secret
126,StarLadder i-League StarSeries Season 3,5,"$15,000",Wings Gaming
127,StarLadder i-League StarSeries Season 3,7,"$7,500",iG Vitality
128,StarLadder i-League StarSeries Season 3,7,"$7,500",Digital Chaos
129,Dota Pit League Season 5,1,"$62,937",Evil Geniuses
130,Dota Pit League Season 5,2,"$34,965",OG
131,Dota Pit League Season 5,3,"$25,174",Team Faceless
132,Dota Pit League Season 5,4,"$16,783",Invictus Gaming
133,Dota Pit League Season 5,4,"$16,783",Team Secret
134,Dota Pit League Season 5,4,"$16,783",Virtus.pro
135,Dota Pit League Season 5,4,"$16,783",Elements Pro
136,Dota Pit League Season 5,4,"$16,783",Digital Chaos
137,World Electronic Sports Games 2016,1,"$800,000",TNC Pro Team
138,World Electronic Sports Games 2016,2,"$400,000",Cloud9
139,World Electronic Sports Games 2016,3,"$200,000",Alliance
140,World Electronic Sports Games 2016,4,"$60,000",Infamous
141,World Electronic Sports Games 2016,5,"$10,000",To.be.or.not.to.be
142,World Electronic Sports Games 2016,5,"$10,000",DUOBAO Young
143,World Electronic Sports Games 2016,5,"$10,000",SG e-sports
144,World Electronic Sports Games 2016,5,"$10,000",Team DileCom
145,World Electronic Sports Games 2016,5,"$10,000",Dark Passage
146,World Electronic Sports Games 2016,5,"$10,000",MAX.Y
147,World Electronic Sports Games 2016,5,"$10,000",MVP Revolution
148,World Electronic Sports Games 2016,5,"$10,000",Romania
149,World Electronic Sports Games 2016,5,"$10,000",Horde
150,World Electronic Sports Games 2016,5,"$10,000",Fantastic Five
151,World Electronic Sports Games 2016,5,"$10,000",s1 Lykos
152,World Electronic Sports Games 2016,5,"$10,000",Ukraine
153,World Electronic Sports Games 2016,5,"$10,000",Bravado Gaming
154,World Electronic Sports Games 2016,5,"$10,000",Team X-BET
155,World Electronic Sports Games 2016,5,"$10,000",Aboshamalah
156,World Electronic Sports Games 2016,5,"$10,000",Comanche
157,World Electronic Sports Games 2016,5,"$10,000",T Show
158,World Electronic Sports Games 2016,5,"$10,000",Vultur
159,World Electronic Sports Games 2016,5,"$10,000",Team One Ecuador
160,World Electronic Sports Games 2016,5,"$10,000",Signature.Trust
161,ESL One Genting 2017,1,"$125,000",Digital Chaos
162,ESL One Genting 2017,2,"$50,000",Newbee
163,ESL One Genting 2017,3,"$22,500",Virtus.pro
164,ESL One Genting 2017,3,"$22,500",Wings Gaming
165,ESL One Genting 2017,5,"$10,000",Team NP
166,ESL One Genting 2017,5,"$10,000",Execration
167,ESL One Genting 2017,7,"$5,000",Fnatic
168,ESL One Genting 2017,7,"$5,000",WarriorsGaming.Unity
169,World Cyber Arena 2016,1,"$344,928",iG Vitality
170,World Cyber Arena 2016,2,"$143,720",Vici Gaming
171,World Cyber Arena 2016,3,"$71,860",We Are Young
172,World Cyber Arena 2016,4,"$28,744",Prodota Gaming
173,World Cyber Arena 2016,4,"$28,744",VINCE TE IPSUM
174,World Cyber Arena 2016,4,"$28,744",Vega Squadron
175,World Cyber Arena 2016,4,"$28,744",Newbee
176,World Cyber Arena 2016,4,"$28,744",WarriorsGaming.Unity
177,World Cyber Arena 2016,4,"$28,744",TNC Pro Team
178,World Cyber Arena 2016,4,"$28,744",Union Gaming BO
179,The Boston Major 2016,1,"$1,000,000",OG
180,The Boston Major 2016,2,"$500,000",Ad Finem
181,The Boston Major 2016,3,"$250,000",Evil Geniuses
182,The Boston Major 2016,3,"$250,000",Digital Chaos
183,The Boston Major 2016,5,"$125,000",Virtus.pro
184,The Boston Major 2016,5,"$125,000",WarriorsGaming.Unity
185,The Boston Major 2016,5,"$125,000",Team NP
186,The Boston Major 2016,5,"$125,000",LGD.Forever Young
187,The Boston Major 2016,9,"$62,500",iG Vitality
188,The Boston Major 2016,9,"$62,500",Wings Gaming
189,The Boston Major 2016,9,"$62,500",compLexity Gaming
190,The Boston Major 2016,9,"$62,500",MVP Phoenix
191,The Boston Major 2016,9,"$62,500",Team Faceless
192,The Boston Major 2016,9,"$62,500",EHOME
193,The Boston Major 2016,9,"$62,500",Newbee
194,The Boston Major 2016,9,"$62,500",LGD Gaming
195,The Summit 6,1,"$42,500",Virtus.pro
196,The Summit 6,2,"$22,500",OG
197,The Summit 6,3,"$13,000",Evil Geniuses
198,The Summit 6,4,"$10,000",Wings Gaming
199,The Summit 6,5,"$3,500",Team NP
200,The Summit 6,5,"$3,500",Digital Chaos
201,The Summit 6,7,"$2,500",EHOME
202,The Summit 6,7,"$2,500",Team Faceless
203,Northern Arena BEAT Invitational,1,"$48,000",Wings Gaming
204,Northern Arena BEAT Invitational,2,"$20,000",Team NP
205,Northern Arena BEAT Invitational,3,"$12,000",EHOME
206,Northern Arena BEAT Invitational,4,"$8,000",Evil Geniuses
207,Northern Arena BEAT Invitational,5,"$4,000",Ad Finem
208,Northern Arena BEAT Invitational,5,"$4,000",Alliance
209,Northern Arena BEAT Invitational,7,"$2,000",FDL
210,Northern Arena BEAT Invitational,7,"$2,000",compLexity Gaming
211,Mars Dota 2 League 2016 Autumn,1,"$112,500",Evil Geniuses
212,Mars Dota 2 League 2016 Autumn,2,"$50,000",Newbee
213,Mars Dota 2 League 2016 Autumn,3,"$31,250",OG
214,Mars Dota 2 League 2016 Autumn,4,"$18,750",Team Secret
215,Mars Dota 2 League 2016 Autumn,5,"$12,500",Vici Gaming
216,Mars Dota 2 League 2016 Autumn,5,"$12,500",LGD.Forever Young
217,Mars Dota 2 League 2016 Autumn,7,"$6,250",MVP Phoenix
218,Mars Dota 2 League 2016 Autumn,7,"$6,250",iG Vitality
219,The International 2016,1,"$9,139,002",Wings Gaming
220,The International 2016,2,"$3,427,126",Digital Chaos
221,The International 2016,3,"$2,180,898",Evil Geniuses
222,The International 2016,4,"$1,453,932",Fnatic
223,The International 2016,5,"$934,761",EHOME
224,The International 2016,5,"$934,761",MVP Phoenix
225,The International 2016,7,"$519,262",TNC Pro Team
226,The International 2016,7,"$519,262",Team Liquid
227,The International 2016,9,"$311,557",OG
228,The International 2016,9,"$311,557",LGD Gaming
229,The International 2016,9,"$311,557",Alliance
230,The International 2016,9,"$311,557",Newbee
231,The International 2016,13,"$103,852",Vici Gaming Reborn
232,The International 2016,13,"$103,852",Team Secret
233,The International 2016,13,"$103,852",Escape Gaming
234,The International 2016,13,"$103,852",Natus Vincere
235,SL i-League StarSeries Season 2,1,"$135,000",Natus Vincere
236,SL i-League StarSeries Season 2,2,"$60,000",Team Secret
237,SL i-League StarSeries Season 2,3,"$37,500",Fnatic
238,SL i-League StarSeries Season 2,4,"$22,500",F.R.I.E.N.D.S.
239,SL i-League StarSeries Season 2,5,"$15,000",Digital Chaos
240,SL i-League StarSeries Season 2,5,"$15,000",Evil Geniuses
241,SL i-League StarSeries Season 2,7,"$7,500",CDEC Youth
242,SL i-League StarSeries Season 2,7,"$7,500",compLexity Gaming
243,The Summit 5,1,"$42,944",Wings Gaming
244,The Summit 5,2,"$22,735",OG
245,The Summit 5,3,"$13,136",Team Liquid
246,The Summit 5,4,"$10,104",Natus Vincere
247,The Summit 5,5,"$3,537",Digital Chaos
248,The Summit 5,5,"$3,537",Fnatic
249,The Summit 5,7,"$2,526",FDL
250,The Summit 5,7,"$2,526",Ad Finem
251,Nanyang Dota 2 Championships Season 2,1,"$100,610",Newbee
252,Nanyang Dota 2 Championships Season 2,2,"$50,305",Wings Gaming
253,Nanyang Dota 2 Championships Season 2,3,"$25,152",LGD Gaming
254,Nanyang Dota 2 Championships Season 2,4,"$10,102",CDEC Youth
255,Nanyang Dota 2 Championships Season 2,5,"$7,551",Digital Chaos
256,Nanyang Dota 2 Championships Season 2,5,"$7,551",Vici Gaming Reborn
257,Nanyang Dota 2 Championships Season 2,5,"$7,551",Team Empire
258,Nanyang Dota 2 Championships Season 2,5,"$7,551",WarriorsGaming.Unity
259,ESL One Frankfurt 2016,1,"$157,273",OG
260,ESL One Frankfurt 2016,2,"$62,909",Natus Vincere
261,ESL One Frankfurt 2016,3,"$28,309",Vega Squadron
262,ESL One Frankfurt 2016,3,"$28,309",Team Liquid
263,ESL One Frankfurt 2016,5,"$12,582",compLexity Gaming
264,ESL One Frankfurt 2016,5,"$12,582",Alliance
265,ESL One Frankfurt 2016,7,"$6,291",Virtus.pro
266,ESL One Frankfurt 2016,7,"$6,291",Fnatic
267,The Manila Major 2016,1,"$1,110,000",OG
268,The Manila Major 2016,2,"$405,000",Team Liquid
269,The Manila Major 2016,3,"$315,000",Newbee
270,The Manila Major 2016,4,"$255,000",LGD Gaming
271,The Manila Major 2016,5,"$202,500",Fnatic
272,The Manila Major 2016,5,"$202,500",MVP Phoenix
273,The Manila Major 2016,7,"$105,000",Natus Vincere
274,The Manila Major 2016,7,"$105,000",Vici Gaming Reborn
275,The Manila Major 2016,9,"$45,000",compLexity Gaming
276,The Manila Major 2016,9,"$45,000",Alliance
277,The Manila Major 2016,9,"$45,000",Digital Chaos
278,The Manila Major 2016,9,"$45,000",Team Empire
279,The Manila Major 2016,13,"$30,000",Wings Gaming
280,The Manila Major 2016,13,"$30,000",Mineski.Sports5
281,The Manila Major 2016,13,"$30,000",Evil Geniuses
282,The Manila Major 2016,13,"$30,000",Team Secret
283,EPICENTER 2016,1,"$250,000",Team Liquid
284,EPICENTER 2016,2,"$100,000",Newbee
285,EPICENTER 2016,3,"$60,000",OG
286,EPICENTER 2016,4,"$30,000",compLexity Gaming
287,EPICENTER 2016,5,"$20,000",Alliance
288,EPICENTER 2016,5,"$20,000",Evil Geniuses
289,EPICENTER 2016,7,"$10,000",Team Secret
290,EPICENTER 2016,7,"$10,000",Virtus.pro
291,WePlay Dota2 League Season 3,1,"$104,120",MVP Phoenix
292,WePlay Dota2 League Season 3,2,"$41,648",Vega Squadron
293,WePlay Dota2 League Season 3,3,"$22,906",Evil Geniuses
294,WePlay Dota2 League Season 3,4,"$12,494",Team Empire
295,WePlay Dota2 League Season 3,5,"$8,330",Elite Wolves
296,WePlay Dota2 League Season 3,5,"$8,330",Natus Vincere
297,WePlay Dota2 League Season 3,7,"$5,206",Ad Finem
298,WePlay Dota2 League Season 3,7,"$5,206",Team Spirit
299,ESL One Manila 2016,1,"$100,000",Wings Gaming
300,ESL One Manila 2016,2,"$50,000",Team Liquid
301,ESL One Manila 2016,3,"$25,000",Team Empire
302,ESL One Manila 2016,3,"$25,000",Fnatic
303,ESL One Manila 2016,5,"$12,500",Team Secret
304,ESL One Manila 2016,5,"$12,500",compLexity Gaming
305,ESL One Manila 2016,7,"$12,500",Mineski.Sports5
306,ESL One Manila 2016,7,"$12,500",EHOME
307,StarLadder i-League Invitational #1,1,"$45,000",Vici Gaming Reborn
308,StarLadder i-League Invitational #1,2,"$20,000",Natus Vincere
309,StarLadder i-League Invitational #1,3,"$12,000",LGD Gaming
310,StarLadder i-League Invitational #1,4,"$7,500",OG
311,StarLadder i-League Invitational #1,5,"$5,000",Alliance
312,StarLadder i-League Invitational #1,5,"$5,000",Virtus.pro
313,StarLadder i-League Invitational #1,7,"$2,500",MVP Phoenix
314,StarLadder i-League Invitational #1,7,"$2,500",Vega Squadron
315,Dota Pit League Season 4,1,"$97,637",MVP Phoenix
316,Dota Pit League Season 4,2,"$46,866",Evil Geniuses
317,Dota Pit League Season 4,3,"$25,386",compLexity Gaming
318,Dota Pit League Season 4,3,"$25,386",Natus Vincere
319,Dota Pit League Season 4,3,"$25,386",Virtus.pro
320,Dota Pit League Season 4,3,"$25,386",OG
321,Dota Pit League Season 4,3,"$25,386",Team Secret
322,Dota Pit League Season 4,3,"$25,386",Team Empire
323,The Shanghai Major 2016,1,"$1,110,000",Team Secret
324,The Shanghai Major 2016,2,"$405,000",Team Liquid
325,The Shanghai Major 2016,3,"$315,000",Evil Geniuses
326,The Shanghai Major 2016,4,"$255,000",MVP Phoenix
327,The Shanghai Major 2016,5,"$202,500",compLexity Gaming
328,The Shanghai Major 2016,5,"$202,500",Fnatic
329,The Shanghai Major 2016,7,"$105,000",Alliance
330,The Shanghai Major 2016,7,"$105,000",OG
331,The Shanghai Major 2016,9,"$45,000",EHOME
332,The Shanghai Major 2016,9,"$45,000",LGD Gaming
333,The Shanghai Major 2016,9,"$45,000",Virtus.pro
334,The Shanghai Major 2016,9,"$45,000",Newbee
335,The Shanghai Major 2016,13,"$30,000",Team Archon
336,The Shanghai Major 2016,13,"$30,000",Team Spirit
337,The Shanghai Major 2016,13,"$30,000",Vici Gaming
338,The Shanghai Major 2016,13,"$30,000",CDEC Gaming
339,MarsTV Dota 2 League 2015 Winter,1,"$124,950",EHOME
340,MarsTV Dota 2 League 2015 Winter,2,"$55,533",Evil Geniuses
341,MarsTV Dota 2 League 2015 Winter,3,"$27,766",OG
342,MarsTV Dota 2 League 2015 Winter,4,"$22,213",LGD Gaming
343,MarsTV Dota 2 League 2015 Winter,5,"$13,883",Newbee
344,MarsTV Dota 2 League 2015 Winter,5,"$13,883",Vici Gaming
345,MarsTV Dota 2 League 2015 Winter,7,"$6,941",Team Secret
346,MarsTV Dota 2 League 2015 Winter,7,"$6,941",compLexity Gaming
347,MarsTV Dota 2 League 2015 Winter,9,"$2,776",Team Spirit
348,MarsTV Dota 2 League 2015 Winter,9,"$2,776",Mineski.Sports5
349,SL i-League StarSeries Season 1,1,"$120,891",Alliance
350,SL i-League StarSeries Season 1,2,"$60,445",Evil Geniuses
351,SL i-League StarSeries Season 1,3,"$30,223",LGD Gaming
352,SL i-League StarSeries Season 1,3,"$30,223",Team Liquid
353,SL i-League StarSeries Season 1,5,"$15,111",Vega Squadron
354,SL i-League StarSeries Season 1,5,"$15,111",Team Secret
355,SL i-League StarSeries Season 1,7,"$5,047",Fnatic
356,SL i-League StarSeries Season 1,7,"$5,047",Virtus.pro
357,SL i-League StarSeries Season 1,7,"$5,047",Natus Vincere
358,SL i-League StarSeries Season 1,7,"$5,047",Wings Gaming
359,SL i-League StarSeries Season 1,7,"$5,047",Team Spirit
360,SL i-League StarSeries Season 1,7,"$5,047",compLexity Gaming
361,World Cyber Arena 2015,1,"$370,200",Alliance
362,World Cyber Arena 2015,2,"$169,675",LGD Gaming
363,World Cyber Arena 2015,3,"$77,125",Team Liquid
364,World Cyber Arena 2015,4,"$46,275",Wings Gaming
365,World Cyber Arena 2015,4,"$46,275",Team Leviathan
366,World Cyber Arena 2015,4,"$46,275",CDEC Gaming
367,World Cyber Arena 2015,4,"$46,275",Team Empire
368,World Cyber Arena 2015,4,"$46,275",TNC Pro Team
369,World Cyber Arena 2015,4,"$46,275",Team Secret
370,World Cyber Arena 2015,4,"$46,275",Team YP
371,World Cyber Arena 2015,4,"$46,275",Invictus Gaming
372,World Cyber Arena 2015,4,"$46,275",MVP Phoenix
373,World Cyber Arena 2015,4,"$46,275",Fnatic
374,World Cyber Arena 2015,4,"$46,275",Newbee
375,World Cyber Arena 2015,4,"$46,275",Execration
376,World Cyber Arena 2015,4,"$46,275",Digital Chaos
377,The Summit 4,1,"$48,818",Evil Geniuses
378,The Summit 4,2,"$25,845",Virtus.pro
379,The Summit 4,3,"$14,933",Vici Gaming
380,The Summit 4,4,"$11,487",OG
381,The Summit 4,5,"$4,020",Team Liquid
382,The Summit 4,5,"$4,020",EHOME
383,The Summit 4,7,"$2,872",Mineski.Sports5
384,The Summit 4,7,"$2,872",Digital Chaos
385,Game Show Global eSports Cup Season 1,1,"$125,000",Team Empire
386,Game Show Global eSports Cup Season 1,2,"$65,000",4 Clover & Lepricon
387,Game Show Global eSports Cup Season 1,3,"$35,000",Vega Squadron
388,Game Show Global eSports Cup Season 1,4,"$25,000",MVP Phoenix
389,Game Show Global eSports Cup Season 1,5,"$15,000",No Logic Gaming
390,Game Show Global eSports Cup Season 1,5,"$15,000",compLexity Gaming
391,Frankfurt Major 2015,1,"$1,110,000",OG
392,Frankfurt Major 2015,2,"$405,000",Team Secret
393,Frankfurt Major 2015,3,"$315,000",Evil Geniuses
394,Frankfurt Major 2015,4,"$255,000",EHOME
395,Frankfurt Major 2015,5,"$202,500",CDEC Gaming
396,Frankfurt Major 2015,5,"$202,500",Vici Gaming
397,Frankfurt Major 2015,7,"$105,000",Virtus.pro
398,Frankfurt Major 2015,7,"$105,000",LGD Gaming
399,Frankfurt Major 2015,9,"$45,000",Alliance
400,Frankfurt Major 2015,9,"$45,000",Mineski.Sports5
401,Frankfurt Major 2015,9,"$45,000",Team Unknown
402,Frankfurt Major 2015,9,"$45,000",Vega Squadron
403,Frankfurt Major 2015,13,"$30,000",Cloud9
404,Frankfurt Major 2015,13,"$30,000",Fnatic
405,Frankfurt Major 2015,13,"$30,000",Newbee
406,Frankfurt Major 2015,13,"$30,000",Newbee Young
407,Nanyang Dota 2 Championships Season 1,1,"$105,688",Team Secret
408,Nanyang Dota 2 Championships Season 1,2,"$52,844",Vici Gaming
409,Nanyang Dota 2 Championships Season 1,3,"$26,422",EHOME
410,Nanyang Dota 2 Championships Season 1,4,"$17,615",Team Liquid
411,Nanyang Dota 2 Championships Season 1,5,"$8,807",Virtus.pro
412,Nanyang Dota 2 Championships Season 1,5,"$8,807",CDEC Gaming
413,Nanyang Dota 2 Championships Season 1,5,"$8,807",Digital Chaos
414,Nanyang Dota 2 Championships Season 1,5,"$8,807",LGD Gaming
415,Nanyang Dota 2 Championships Season 1,5,"$8,807",Mineski
416,Nanyang Dota 2 Championships Season 1,5,"$8,807",Fnatic
417,MLG World Finals 2015,1,"$113,982",Team Secret
418,MLG World Finals 2015,2,"$68,389",Evil Geniuses
419,MLG World Finals 2015,3,"$34,194",(monkey) Business
420,MLG World Finals 2015,3,"$34,194",CDEC Gaming
421,MLG World Finals 2015,5,"$11,398",Virtus.pro
422,MLG World Finals 2015,5,"$11,398",MVP Phoenix
423,MLG World Finals 2015,7,"$5,699",LGD Gaming
424,MLG World Finals 2015,7,"$5,699",Cloud9
425,ESL One New York 2015,1,"$114,649",Vega Squadron
426,ESL One New York 2015,2,"$57,324",Team Secret
427,ESL One New York 2015,3,"$28,662",CDEC Gaming
428,ESL One New York 2015,3,"$28,662",Invictus Gaming
429,ESL One New York 2015,5,"$14,331",Fnatic
430,ESL One New York 2015,5,"$14,331",Team Archon
431,ESL One New York 2015,5,"$14,331",Virtus.pro
432,ESL One New York 2015,5,"$14,331",Evil Geniuses
433,The International 2015,1,"$6,634,661",Evil Geniuses
434,The International 2015,2,"$2,856,590",CDEC Gaming
435,The International 2015,3,"$2,211,554",LGD Gaming
436,The International 2015,4,"$1,566,517",Vici Gaming
437,The International 2015,5,"$1,197,925",EHOME
438,The International 2015,5,"$1,197,925",Virtus.pro
439,The International 2015,7,"$829,333",MVP Phoenix
440,The International 2015,7,"$829,333",Team Secret
441,The International 2015,9,"$221,155",Team Empire
442,The International 2015,9,"$221,155",Cloud9
443,The International 2015,9,"$221,155",compLexity Gaming
444,The International 2015,9,"$221,155",Invictus Gaming
445,The International 2015,13,"$55,289",Newbee
446,The International 2015,13,"$55,289",Natus Vincere
447,The International 2015,13,"$55,289",Fnatic
448,The International 2015,13,"$55,289",MVP HOT6ix
449,Dota Pit League Season 3,1,"$126,055",Evil Geniuses
450,Dota Pit League Season 3,2,"$57,056",Cloud9
451,Dota Pit League Season 3,3,"$39,807",Virtus.pro
452,Dota Pit League Season 3,4,"$21,230",Ninjas in Pyjamas
453,Dota Pit League Season 3,5,"$10,615",Team Secret
454,Dota Pit League Season 3,5,"$10,615",HellRaisers
455,Dota Pit League Season 3,5,"$10,615",mousesports
456,Dota Pit League Season 3,5,"$10,615",Alliance
457,Dota Pit League Season 3,5,"$10,615",Team Empire
458,Dota Pit League Season 3,5,"$10,615",Vega Squadron
459,Dota Pit League Season 3,5,"$10,615",Power Rangers
460,Dota Pit League Season 3,5,"$10,615",mYinsanity
461,Esportal Dota 2 League,1,"$32,000",Virtus.pro
462,Esportal Dota 2 League,2,"$16,000",Team Empire
463,Esportal Dota 2 League,3,"$4,800",Vega Squadron
464,Esportal Dota 2 League,3,"$4,800",4 Anchors + SC
465,Esportal Dota 2 League,5,"$1,600",4 Clover & Lepricon
466,Esportal Dota 2 League,5,"$1,600",mYinsanity
467,Esportal Dota 2 League,5,"$1,600",Power Rangers
468,Esportal Dota 2 League,5,"$1,600",HellRaisers
469,ESL One Frankfurt 2015,1,"$118,481",Team Secret
470,ESL One Frankfurt 2015,2,"$59,241",Evil Geniuses
471,ESL One Frankfurt 2015,3,"$29,620",Virtus.pro
472,ESL One Frankfurt 2015,3,"$29,620",Invictus Gaming
473,ESL One Frankfurt 2015,5,"$14,810",Alliance
474,ESL One Frankfurt 2015,5,"$14,810",Vici Gaming
475,ESL One Frankfurt 2015,5,"$14,810",Cloud9
476,ESL One Frankfurt 2015,5,"$14,810",Fnatic
477,ASUS ROG DreamLeague Season 3,1,"$54,875",Virtus.pro
478,ASUS ROG DreamLeague Season 3,2,"$32,437",Natus Vincere
479,ASUS ROG DreamLeague Season 3,3,"$19,937",Ninjas in Pyjamas
480,ASUS ROG DreamLeague Season 3,4,"$12,458",Alliance
481,ASUS ROG DreamLeague Season 3,5,"$9,958",Burden United
482,ASUS ROG DreamLeague Season 3,6,"$9,958",Basically Unknown
483,ASUS ROG DreamLeague Season 3,7,"$5,479",Vega Squadron
484,ASUS ROG DreamLeague Season 3,7,"$5,479",Team Empire
485,MarsTV Dota 2 League 2015 Spring,1,"$108,817",Team Secret
486,MarsTV Dota 2 League 2015 Spring,2,"$48,363",Team Empire
487,MarsTV Dota 2 League 2015 Spring,3,"$29,018",Cloud9
488,MarsTV Dota 2 League 2015 Spring,4,"$19,345",Vici Gaming
489,MarsTV Dota 2 League 2015 Spring,5,"$12,091",CDEC Gaming
490,MarsTV Dota 2 League 2015 Spring,5,"$12,091",LGD Gaming
491,MarsTV Dota 2 League 2015 Spring,5,"$12,091",EHOME
492,MarsTV Dota 2 League 2015 Spring,5,"$12,091",Invictus Gaming
493,MarsTV Dota 2 League 2015 Spring,5,"$12,091",Newbee
494,MarsTV Dota 2 League 2015 Spring,5,"$12,091",Natus Vincere
495,joinDOTA MLG Pro League Season 2,1,"$66,899",Ninjas in Pyjamas
496,joinDOTA MLG Pro League Season 2,2,"$41,812",Alliance
497,joinDOTA MLG Pro League Season 2,3,"$25,087",Fnatic
498,joinDOTA MLG Pro League Season 2,4,"$16,725",London Conspiracy
499,joinDOTA MLG Pro League Season 2,5,"$8,362",Virtus.pro
500,joinDOTA MLG Pro League Season 2,5,"$8,362",Evil Geniuses
501,joinDOTA MLG Pro League Season 2,5,"$8,362",mousesports
502,joinDOTA MLG Pro League Season 2,5,"$8,362",Summer's Rift
503,i-League Season 3,1,"$213,360",LGD Gaming
504,i-League Season 3,2,"$85,344",Vici Gaming
505,i-League Season 3,3,"$55,474",Team Malaysia
506,i-League Season 3,4,"$29,870",Newbee
507,i-League Season 3,5,"$14,935",Alliance
508,i-League Season 3,5,"$14,935",Invictus Gaming
509,i-League Season 3,7,"$6,401",Vici Gaming Potential
510,i-League Season 3,7,"$6,401",Energy Pacemaker
511,The Summit 3,1,"$115,466",Team Secret
512,The Summit 3,2,"$61,129",Evil Geniuses
513,The Summit 3,3,"$35,319",Vici Gaming
514,The Summit 3,4,"$27,169",LGD Gaming
515,The Summit 3,5,"$9,509",Cloud9
516,The Summit 3,5,"$9,509",Invictus Gaming
517,The Summit 3,7,"$6,792",Rave
518,The Summit 3,7,"$6,792",Not Today
519,Dota 2 Champions League Season 5,1,"$39,752",Team Empire
520,Dota 2 Champions League Season 5,2,"$19,876",Vici Gaming
521,Dota 2 Champions League Season 5,3,"$11,926",Burden United
522,Dota 2 Champions League Season 5,4,"$7,950",Ninjas in Pyjamas
523,StarLadder StarSeries Season 12,1,"$67,500",Vici Gaming
524,StarLadder StarSeries Season 12,2,"$30,000",Invictus Gaming
525,StarLadder StarSeries Season 12,3,"$21,000",Cloud9
526,StarLadder StarSeries Season 12,4,"$12,000",Team Tinker
527,StarLadder StarSeries Season 12,5,"$6,000",Team Malaysia
528,StarLadder StarSeries Season 12,5,"$6,000",Alliance
529,StarLadder StarSeries Season 12,7,"$3,750",Team Secret
530,StarLadder StarSeries Season 12,7,"$3,750",London Conspiracy
531,joinDOTA MLG Pro League Season 1,1,"$34,584",Team Empire
532,joinDOTA MLG Pro League Season 1,2,"$21,615",Evil Geniuses
533,joinDOTA MLG Pro League Season 1,3,"$12,969",Ninjas in Pyjamas
534,joinDOTA MLG Pro League Season 1,4,"$8,646",MVP Phoenix
535,joinDOTA MLG Pro League Season 1,5,"$4,323",Balkan Bears
536,joinDOTA MLG Pro League Season 1,5,"$4,323",Not Today
537,Dota 2 Asia Championships 2015,1,"$1,284,158",Evil Geniuses
538,Dota 2 Asia Championships 2015,2,"$366,902",Vici Gaming
539,Dota 2 Asia Championships 2015,3,"$275,177",Team Secret
540,Dota 2 Asia Championships 2015,4,"$214,026",Big God
541,Dota 2 Asia Championships 2015,5,"$152,876",Cloud9
542,Dota 2 Asia Championships 2015,5,"$152,876",Rave
543,Dota 2 Asia Championships 2015,7,"$122,301",HyperGloryTeam
544,Dota 2 Asia Championships 2015,7,"$122,301",Invictus Gaming
545,Dota 2 Asia Championships 2015,9,"$45,863",EHOME
546,Dota 2 Asia Championships 2015,9,"$45,863",Natus Vincere
547,Dota 2 Asia Championships 2015,9,"$45,863",HellRaisers
548,Dota 2 Asia Championships 2015,9,"$45,863",LGD Gaming
549,Dota 2 Asia Championships 2015,13,"$30,575",TongFu.WanZhou
550,Dota 2 Asia Championships 2015,13,"$30,575",CDEC Gaming
551,Dota 2 Asia Championships 2015,13,"$30,575",Newbee
552,Dota 2 Asia Championships 2015,13,"$30,575",MVP Phoenix
553,Dota 2 Asia Championships 2015,17,"$15,288",Wings Gaming
554,Dota 2 Asia Championships 2015,17,"$15,288",Energy Pacemaker
555,Dota 2 Asia Championships 2015,17,"$15,288",Speed Gaming.cn
556,Dota 2 Asia Championships 2015,17,"$15,288",Power Rangers
557,StarLadder StarSeries Season 11,1,"$38,934",Team Empire
558,StarLadder StarSeries Season 11,2,"$17,304",Virtus.pro Polar
559,StarLadder StarSeries Season 11,3,"$12,113",Ninjas in Pyjamas
560,StarLadder StarSeries Season 11,4,"$6,922",MVP Phoenix
561,StarLadder StarSeries Season 11,5,"$3,461",Team FIRE
562,StarLadder StarSeries Season 11,5,"$3,461",Natus Vincere
563,StarLadder StarSeries Season 11,7,"$2,163",HellRaisers
564,StarLadder StarSeries Season 11,7,"$2,163",Power Rangers
565,i-League Season 2,1,"$64,630",LGD Gaming
566,i-League Season 2,2,"$25,852",HyperGloryTeam
567,i-League Season 2,3,"$16,804",Vici Gaming
568,i-League Season 2,4,"$8,402",MVP Phoenix
569,i-League Season 2,5,"$4,201",Big God
570,i-League Season 2,5,"$4,201",Invictus Gaming
571,i-League Season 2,7,"$1,939",Ninjas in Pyjamas
572,i-League Season 2,7,"$1,939",Speed Gaming.cn
573,Dota 2 League Season 5,1,"$26,679",LV Gaming
574,Dota 2 League Season 5,2,"$16,260",Virtus.pro Polar
575,Dota 2 League Season 5,3,"$8,550",Evil Geniuses
576,Dota 2 League Season 5,4,"$3,550",CDEC Gaming
577,Dota Pit League Season 2,1,"$36,269",Team Secret
578,Dota Pit League Season 2,2,"$16,120",Virtus.pro Polar
579,Dota Pit League Season 2,3,"$8,866",Evil Geniuses
580,Dota Pit League Season 2,3,"$8,866",Virtus.pro
581,Dota Pit League Season 2,5,"$3,224",Cloud9
582,Dota Pit League Season 2,5,"$3,224",Team Tinker
583,Dota Pit League Season 2,7,"$2,015",compLexity Gaming
584,Dota Pit League Season 2,7,"$2,015",Denial eSports
585,Dota Pit League Season 2,7,"$2,015",Alliance
586,Dota Pit League Season 2,7,"$2,015",4 Anchors + SC
587,Dota Pit League Season 2,7,"$2,015",Moscow Five
588,Dota Pit League Season 2,7,"$2,015",Power Rangers
589,Dota Pit League Season 2,7,"$2,015",mYinsanity
590,Dota Pit League Season 2,7,"$2,015",Team Empire
591,Dota Pit League Season 2,7,"$2,015",HellRaisers
592,Dota Pit League Season 2,7,"$2,015",Sneaky Nyx Assassins
593,XMG Captains Draft 2.0,1,"$96,860",Team Secret
594,XMG Captains Draft 2.0,2,"$63,651",Virtus.pro
595,XMG Captains Draft 2.0,3,"$41,511",Team Tinker
596,XMG Captains Draft 2.0,4,"$27,674",Natus Vincere
597,XMG Captains Draft 2.0,5,"$17,988",Evil Geniuses
598,XMG Captains Draft 2.0,6,"$12,453",4 Anchors + SC
599,XMG Captains Draft 2.0,7,"$8,302",Power Rangers
600,XMG Captains Draft 2.0,8,"$5,535",Alliance
601,The Summit 2,1,"$139,910",Vici Gaming
602,The Summit 2,2,"$77,728",Cloud9
603,The Summit 2,3,"$46,637",Team Secret
604,The Summit 2,4,"$27,982",Evil Geniuses
605,The Summit 2,5,"$9,327",Not Today
606,The Summit 2,5,"$9,327",Team Tinker
607,ASUS ROG DreamLeague Season 2,1,"$44,668",Evil Geniuses
608,ASUS ROG DreamLeague Season 2,2,"$27,334",Cloud9
609,ASUS ROG DreamLeague Season 2,3,"$14,834",Virtus.pro
610,ASUS ROG DreamLeague Season 2,4,"$9,056",Virtus.pro Polar
611,ASUS ROG DreamLeague Season 2,5,"$5,778",Team Tinker
612,ASUS ROG DreamLeague Season 2,6,"$5,778",4 Anchors + SC
613,ASUS ROG DreamLeague Season 2,7,"$3,778",MVP Phoenix
614,ASUS ROG DreamLeague Season 2,8,"$2,778",Alliance
615,Dota 2 Champions League Season 4,1,"$38,118",Natus Vincere
616,Dota 2 Champions League Season 4,2,"$19,059",Team Tinker
617,Dota 2 Champions League Season 4,3,"$11,435",Team Empire
618,Dota 2 Champions League Season 4,4,"$7,624",Sneaky Nyx Assassins
619,National Electronic Sports Tournament 2014,1,"$32,591",LV Gaming
620,National Electronic Sports Tournament 2014,2,"$11,407",LGD Gaming
621,National Electronic Sports Tournament 2014,3,"$4,889",TongFu.WanZhou
622,National Electronic Sports Tournament 2014,3,"$4,889",Newbee
623,National Electronic Sports Tournament 2014,5,"$1,630",Wings Gaming
624,National Electronic Sports Tournament 2014,5,"$1,630",Newbee Young
625,National Electronic Sports Tournament 2014,5,"$1,630",Speed Gaming.cn
626,National Electronic Sports Tournament 2014,5,"$1,630",Vici Gaming
627,Excellent Moscow Cup Season 2,1,"$37,788",Team Empire
628,Excellent Moscow Cup Season 2,2,"$18,894",Natus Vincere
629,Excellent Moscow Cup Season 2,3,"$11,336",Virtus.pro Polar
630,Excellent Moscow Cup Season 2,4,"$7,558",HellRaisers
631,StarLadder StarSeries Season 10,1,"$105,291",Evil Geniuses
632,StarLadder StarSeries Season 10,2,"$46,796",Team Secret
633,StarLadder StarSeries Season 10,3,"$32,757",Cloud9
634,StarLadder StarSeries Season 10,4,"$18,718",Alliance
635,StarLadder StarSeries Season 10,5,"$9,359",Natus Vincere
636,StarLadder StarSeries Season 10,5,"$9,359",Team Tinker
637,StarLadder StarSeries Season 10,7,"$5,850",Execration
638,StarLadder StarSeries Season 10,7,"$5,850",Virtus.pro
639,ESL One New York 2014,1,"$56,404",Vici Gaming
640,ESL One New York 2014,2,"$28,202",Evil Geniuses
641,ESL One New York 2014,3,"$14,101",Cloud9
642,ESL One New York 2014,3,"$14,101",Team Secret
643,ESL One New York 2014,5,"$7,051",Sneaky Nyx Assassins
644,ESL One New York 2014,5,"$7,051",Alliance
645,ESL One New York 2014,5,"$7,051",Na`Vi North America
646,ESL One New York 2014,5,"$7,051",Natus Vincere
647,World Cyber Arena 2014,1,"$322,880",Newbee
648,World Cyber Arena 2014,2,"$88,792",Cloud9
649,World Cyber Arena 2014,3,"$40,360",Alliance
650,World Cyber Arena 2014,4,"$3,229",Vici Gaming
651,World Cyber Arena 2014,5,"$3,229",LGD Gaming
652,World Cyber Arena 2014,5,"$3,229",Team Malaysia
653,World Cyber Arena 2014,7,"$3,229",Natus Vincere
654,World Cyber Arena 2014,7,"$3,229",Invictus Gaming
655,i-League Season 1,1,"$155,828",Vici Gaming
656,i-League Season 1,2,"$62,331",Old Boys
657,i-League Season 1,3,"$31,166",Rave
658,i-League Season 1,3,"$31,166",Invictus Gaming
659,i-League Season 1,5,"$7,791",Virtus.pro
660,i-League Season 1,5,"$7,791",Power Rangers
661,i-League Season 1,5,"$7,791",Newbee
662,i-League Season 1,5,"$7,791",LGD.CDEC
663,World E-sport Championships 2014,1,"$97,248",Evil Geniuses
664,World E-sport Championships 2014,2,"$32,416",Cloud9
665,World E-sport Championships 2014,3,"$16,208",Vici Gaming
666,World E-sport Championships 2014,4,"$8,104",Newbee
667,World E-sport Championships 2014,5,"$3,242",Natus Vincere
668,World E-sport Championships 2014,5,"$3,242",LGD Gaming
669,World E-sport Championships 2014,7,"$3,242",HyperGloryTeam
670,World E-sport Championships 2014,7,"$3,242",LGD.CDEC
671,The International 2014,1,"$5,025,029",Newbee
672,The International 2014,2,"$1,474,737",Vici Gaming
673,The International 2014,3,"$1,037,778",Evil Geniuses
674,The International 2014,4,"$819,298",Team DK
675,The International 2014,5,"$655,439",LGD Gaming
676,The International 2014,5,"$655,439",Cloud9
677,The International 2014,7,"$518,889",Invictus Gaming
678,The International 2014,7,"$518,889",Natus Vincere
679,The International 2014,9,"$49,158",Titan
680,The International 2014,9,"$49,158",Team Liquid
681,The International 2014,11,"$38,234",mousesports
682,The International 2014,11,"$38,234",Alliance
683,The International 2014,13,"$21,848",Team Empire
684,The International 2014,13,"$21,848",Fnatic
685,The International 2014,13,"$21,848",Na`Vi North America
686,The International 2014,13,"$21,848",Arrow Gaming
687,ESL One Frankfurt 2014,1,"$84,360",Invictus Gaming
688,ESL One Frankfurt 2014,2,"$42,180",Evil Geniuses
689,ESL One Frankfurt 2014,3,"$21,090",Alliance
690,ESL One Frankfurt 2014,3,"$21,090",Fnatic
691,ESL One Frankfurt 2014,5,"$10,545",Cloud9
692,ESL One Frankfurt 2014,5,"$10,545",mousesports
693,ESL One Frankfurt 2014,5,"$10,545",Vici Gaming
694,ESL One Frankfurt 2014,5,"$10,545",Natus Vincere
695,Dota 2 Champions League Season 3,1,"$33,918",Team Empire
696,Dota 2 Champions League Season 3,2,"$16,959",Fnatic
697,Dota 2 Champions League Season 3,3,"$10,175",Alliance
698,Dota 2 Champions League Season 3,4,"$6,784",Power Rangers
699,Dota 2 Champions League Season 3,4,"$6,784",RoX.KIS
700,Dota 2 Champions League Season 3,4,"$6,784",Evil Geniuses
701,Dota 2 Champions League Season 3,4,"$6,784",Relax
702,Dota 2 Champions League Season 3,4,"$6,784",Natus Vincere
703,Dota 2 Champions League Season 3,4,"$6,784",DreamTeam168
704,Dota 2 Champions League Season 3,4,"$6,784",NEXT.kz
705,Dota 2 Champions League Season 3,4,"$6,784",Virtus.pro
706,Dota 2 Champions League Season 3,4,"$6,784",Meet Your Makers
707,HyperX D2L Western Challenge,1,"$29,629",Evil Geniuses
708,HyperX D2L Western Challenge,2,"$19,629",Natus Vincere
709,HyperX D2L Western Challenge,3,"$10,278",Fnatic
710,HyperX D2L Western Challenge,4,"$5,278",Team Empire
711,HyperX D2L Western Challenge,5,"$1,852",RoX.KIS
712,HyperX D2L Western Challenge,5,"$1,852",Cloud9
713,HyperX D2L Western Challenge,5,"$1,852",Team Liquid
714,HyperX D2L Western Challenge,5,"$1,852",Alliance
715,ASUS ROG DreamLeague Season 1,1,"$74,000",Alliance
716,ASUS ROG DreamLeague Season 1,2,"$41,000",Cloud9
717,ASUS ROG DreamLeague Season 1,3,"$31,000",Team Empire
718,ASUS ROG DreamLeague Season 1,4,"$26,000",mousesports
719,ASUS ROG DreamLeague Season 1,5,"$22,500",Fnatic
720,ASUS ROG DreamLeague Season 1,6,"$19,500",Evil Geniuses
721,ASUS ROG DreamLeague Season 1,7,"$8,000",Natus Vincere
722,ASUS ROG DreamLeague Season 1,7,"$8,000",RoX.KIS
723,ASUS ROG DreamLeague Season 1,7,"$8,000",Team Liquid
724,ASUS ROG DreamLeague Season 1,7,"$8,000",Virtus.pro
725,ASUS ROG DreamLeague Season 1,7,"$8,000",Meet Your Makers
726,ASUS ROG DreamLeague Season 1,7,"$8,000",Sigma.int
727,The Summit 1,1,"$59,558",Evil Geniuses
728,The Summit 1,2,"$33,088",Team DK
729,The Summit 1,3,"$19,853",Vici Gaming
730,The Summit 1,4,"$13,235",Natus Vincere
731,The Summit 1,5,"$3,309",Na`Vi North America
732,The Summit 1,5,"$3,309",Fnatic
733,WPC 2014,1,"$160,056",Invictus Gaming
734,WPC 2014,2,"$48,017",Team DK
735,WPC 2014,3,"$16,006",Newbee
736,WPC 2014,4,"$8,003",Alliance
737,WPC 2014,5,"$3,201",DT^Club
738,WPC 2014,5,"$3,201",Cloud9
739,WPC 2014,5,"$3,201",Titan
740,WPC 2014,5,"$3,201",Vici Gaming
741,MarsTV Dota 2 League 2014,1,"$16,031",Newbee
742,MarsTV Dota 2 League 2014,2,"$3,260",LGD Gaming
743,MarsTV Dota 2 League 2014,3,"$1,603",Vici Gaming
744,MarsTV Dota 2 League 2014,3,"$1,603",Team DK
745,MarsTV Dota 2 League 2014,5,$802,Invictus Gaming
746,MarsTV Dota 2 League 2014,5,$802,CIS Game
747,Excellent Moscow Cup Season 1,1,"$10,063",Team Empire
748,Excellent Moscow Cup Season 1,2,"$5,031",Power Rangers
749,Excellent Moscow Cup Season 1,3,"$3,019",Virtus.pro
750,Excellent Moscow Cup Season 1,4,"$2,013",Oslik Gaming
751,Excellent Moscow Cup Season 1,4,"$2,013",Meet Your Makers
752,Excellent Moscow Cup Season 1,4,"$2,013",RoX.KIS
753,Excellent Moscow Cup Season 1,4,"$2,013",Relax
754,Excellent Moscow Cup Season 1,4,"$2,013",Aware Gaming
755,Excellent Moscow Cup Season 1,4,"$2,013",NEXT.kz
756,Excellent Moscow Cup Season 1,4,"$2,013",DreamTeam168
757,StarLadder StarSeries Season 9,1,"$85,000",Team DK
758,StarLadder StarSeries Season 9,2,"$38,000",Team Empire
759,StarLadder StarSeries Season 9,3,"$26,000",Evil Geniuses
760,StarLadder StarSeries Season 9,4,"$15,000",Invictus Gaming
761,StarLadder StarSeries Season 9,5,"$7,500",Alliance
762,StarLadder StarSeries Season 9,5,"$7,500",Natus Vincere
763,StarLadder StarSeries Season 9,7,"$4,750",RoX.KIS
764,StarLadder StarSeries Season 9,7,"$4,750",MVP Phoenix
765,Dota 2 Champions League Season 2,1,"$61,500",Natus Vincere
766,Dota 2 Champions League Season 2,2,"$30,750",Cloud9
767,Dota 2 Champions League Season 2,3,"$18,750",Team Empire
768,Dota 2 Champions League Season 2,4,"$12,300",Alliance
769,Dota 2 Champions League Season 2,4,"$12,300",Fnatic
770,Dota 2 Champions League Season 2,4,"$12,300",Virtus.pro
771,Dota 2 Champions League Season 2,4,"$12,300",RoX.KIS
772,Dota 2 Champions League Season 2,4,"$12,300",Sigma.int
773,Dota 2 Champions League Season 2,4,"$12,300",Team Liquid
774,Dota 2 Champions League Season 2,4,"$12,300",Power Rangers
775,Nexon Sponsorship League Season 3,1,"$56,400",Zephyr
776,Nexon Sponsorship League Season 3,2,"$7,520",EoT Hammer
777,Nexon Sponsorship League Season 3,3,"$2,820",5 in QO
778,Nexon Sponsorship League Season 3,4,"$2,820",MVP HOT6ix
779,Nexon Sponsorship League Season 3,4,"$2,820",Don't Die ReM1kZ
780,Nexon Sponsorship League Season 3,4,"$2,820",Team Angry Bird
781,Nexon Sponsorship League Season 3,4,"$2,820",All In.uz
782,Nexon Sponsorship League Season 3,4,"$2,820",EoT Drill
783,StarLadder StarSeries Season 8,1,"$62,000",Natus Vincere
784,StarLadder StarSeries Season 8,2,"$31,000",Alliance
785,StarLadder StarSeries Season 8,3,"$18,600",Sigma.int
786,StarLadder StarSeries Season 8,4,"$12,400",Fnatic
787,StarLadder StarSeries Season 8,4,"$12,400",RoX.KIS
788,StarLadder StarSeries Season 8,4,"$12,400",NEXT.kz
789,StarLadder StarSeries Season 8,4,"$12,400",Power Rangers
790,StarLadder StarSeries Season 8,4,"$12,400",Super Strong Dinosaurs
791,StarLadder StarSeries Season 8,4,"$12,400",Team Empire
792,StarLadder StarSeries Season 8,4,"$12,400",Virtus.pro
793,StarLadder StarSeries Season 8,4,"$12,400",The Retry
794,StarLadder StarSeries Season 8,4,"$12,400",Poseidon
795,StarLadder StarSeries Season 8,4,"$12,400",Oslik Gaming
796,StarLadder StarSeries Season 8,4,"$12,400",mousesports
797,StarLadder StarSeries Season 8,4,"$12,400",Flip.Sid3.ru
798,StarLadder StarSeries Season 8,4,"$12,400",QPAD Red Pandas
799,StarLadder StarSeries Season 8,4,"$12,400",aSpera
800,StarLadder StarSeries Season 8,4,"$12,400",4 Friends + Chrillee
801,Dota 2 Champions League Season 1,1,"$25,000",Alliance
802,Dota 2 Champions League Season 1,2,"$15,000",Speed Gaming.int
803,Dota 2 Champions League Season 1,3,"$7,000",Sigma.int
804,Dota 2 Champions League Season 1,4,"$3,000",Team Liquid
805,Dota 2 Champions League Season 1,4,"$3,000",Natus Vincere
806,Dota 2 Champions League Season 1,4,"$3,000",Fnatic
807,Dota 2 Champions League Season 1,4,"$3,000",Evil Geniuses
808,Dota 2 Champions League Season 1,4,"$3,000",Virtus.pro
809,Dota 2 Champions League Season 1,4,"$3,000",mousesports
810,Dota 2 Champions League Season 1,4,"$3,000",Team Dignitas
811,G-League 2013,1,"$33,090",Team DK
812,G-League 2013,2,"$8,273",Invictus Gaming
813,G-League 2013,3,"$1,646",TongFu
814,G-League 2013,3,"$1,646",LGD Gaming
815,G-League 2013,3,"$1,646",Speed Gaming.int
816,G-League 2013,3,"$1,646",Vici Gaming
817,G-League 2013,3,"$1,646",Titan
818,G-League 2013,3,"$1,646",DT^Club
819,Dota 2 League Season 4,1,"$25,000",LGD Gaming
820,Dota 2 League Season 4,2,"$15,000",Fnatic
821,Dota 2 League Season 4,3,"$7,500",Vici Gaming
822,Dota 2 League Season 4,4,"$2,500",Alliance
823,Red Bull ECL 2013 Grand Finals,1,"$16,520",Invictus Gaming
824,Red Bull ECL 2013 Grand Finals,2,"$3,304",Team DK
825,Red Bull ECL 2013 Grand Finals,3,"$1,652",TongFu
826,Red Bull ECL 2013 Grand Finals,3,"$1,652",Titan
827,2013 WPC ACE Dota 2 League,1,"$165,280",Team DK
828,2013 WPC ACE Dota 2 League,2,"$49,584",Invictus Gaming
829,2013 WPC ACE Dota 2 League,3,"$16,528",Vici Gaming
830,2013 WPC ACE Dota 2 League,4,"$3,306",LGD Gaming
831,2013 WPC ACE Dota 2 League,5,"$3,306",TongFu
832,2013 WPC ACE Dota 2 League,5,"$3,306",LGD International
833,2013 WPC ACE Dota 2 League,7,"$3,306",RisingStars
834,2013 WPC ACE Dota 2 League,7,"$3,306",RattleSnake
835,2013 WPC ACE Dota 2 League,7,"$3,306",Heart Get Together
836,2013 WPC ACE Dota 2 League,7,"$3,306",TongFu.WanZhou
837,Nexon Sponsorship League Season 2,1,"$75,840",MVP Phoenix
838,Nexon Sponsorship League Season 2,2,"$7,584",5 in QO
839,Nexon Sponsorship League Season 2,3,"$2,844",MVP HOT6ix
840,Nexon Sponsorship League Season 2,4,"$2,844",Eyes of Tiger
841,Nexon Sponsorship League Season 2,4,"$2,844",NonStop Dominate
842,Nexon Sponsorship League Season 2,4,"$2,844",Virtual Throne
843,Nexon Sponsorship League Season 2,4,"$2,844",Full Tilt
844,Nexon Sponsorship League Season 2,4,"$2,844",For Our Utopia
845,RaidCall EMS One Fall Season,1,"$12,000",Vici Gaming
846,RaidCall EMS One Fall Season,2,"$7,000",Fnatic
847,RaidCall EMS One Fall Season,3,"$4,000",Alliance
848,RaidCall EMS One Fall Season,3,"$4,000",Natus Vincere
849,RaidCall EMS One Fall Season,5,"$2,000",Sigma.int
850,RaidCall EMS One Fall Season,5,"$2,000",StarTale
851,RaidCall EMS One Fall Season,5,"$2,000",Team aAa
852,RaidCall EMS One Fall Season,5,"$2,000",Team ONE
853,ASUS ROG DreamLeague Kick-Off Season,1,"$25,000",Natus Vincere
854,ASUS ROG DreamLeague Kick-Off Season,2,"$15,000",Fnatic
855,ASUS ROG DreamLeague Kick-Off Season,3,"$7,500",Alliance
856,ASUS ROG DreamLeague Kick-Off Season,4,"$2,500",Team Liquid
857,ASUS ROG DreamLeague Kick-Off Season,4,"$2,500",Virtus.pro
858,ASUS ROG DreamLeague Kick-Off Season,4,"$2,500",Evil Geniuses
859,MLG Championship Columbus,1,"$68,480",Speed Gaming.int
860,MLG Championship Columbus,2,"$27,392",Team DK
861,MLG Championship Columbus,3,"$13,696",Natus Vincere
862,MLG Championship Columbus,3,"$13,696",Sigma.int
863,MLG Championship Columbus,5,"$2,739",Fnatic
864,MLG Championship Columbus,5,"$2,739",Alliance
865,MLG Championship Columbus,5,"$2,739",Team Liquid
866,MLG Championship Columbus,5,"$2,739",Evil Geniuses
867,MLG Championship Columbus,5,"$2,739",Pretty Boy Swag
868,Techlabs Cup 2013 Grand Finals,1,"$12,500",Natus Vincere
869,Techlabs Cup 2013 Grand Finals,2,"$7,500",Team Empire
870,Techlabs Cup 2013 Grand Finals,3,"$3,500",Power Rangers
871,Techlabs Cup 2013 Grand Finals,4,"$1,500",Virtus.pro
872,Nexon Sponsorship League Season 1,1,"$94,100",StarTale
873,Nexon Sponsorship League Season 1,2,"$7,528",For Our Utopia
874,Nexon Sponsorship League Season 1,3,"$2,823",MVP HOT6ix
875,Nexon Sponsorship League Season 1,4,"$2,823",UnderRateds
876,Nexon Sponsorship League Season 1,5,"$1,412",Team NJ&KIDS
877,Nexon Sponsorship League Season 1,5,"$1,412",Virtual Throne
878,Nexon Sponsorship League Season 1,5,"$1,412",Season One
879,Nexon Sponsorship League Season 1,5,"$1,412",Eyes of Tiger
880,Nexon Sponsorship League Season 1,5,"$1,412",Moonlight United
881,Nexon Sponsorship League Season 1,5,"$1,412",Symphony Dota
882,Nexon Sponsorship League Season 1,5,"$1,412",Ace Online
883,Nexon Sponsorship League Season 1,5,"$1,412",Ave~
884,Nexon Sponsorship League Season 1,5,"$1,412",SushiandYasha
885,Nexon Sponsorship League Season 1,5,"$1,412",FastGG^^
886,Nexon Sponsorship League Season 1,5,"$1,412",Victory Light
887,Nexon Sponsorship League Season 1,5,"$1,412",PlaceBum
888,WePlay Dota2 League Season 2,1,"$13,000",Natus Vincere
889,WePlay Dota2 League Season 2,2,"$6,000",Alliance
890,WePlay Dota2 League Season 2,3,"$4,000",Team Liquid
891,WePlay Dota2 League Season 2,4,"$2,000",Team Empire
892,WePlay Dota2 League Season 2,4,"$2,000",Speed Gaming.int
893,WePlay Dota2 League Season 2,4,"$2,000",RoX.KIS
894,WePlay Dota2 League Season 2,4,"$2,000",Evil Geniuses
895,WePlay Dota2 League Season 2,4,"$2,000",Flipsid3 Tactics
896,WePlay Dota2 League Season 2,4,"$2,000",Cascade
897,WePlay Dota2 League Season 2,4,"$2,000",NEXT.kz
898,WePlay Dota2 League Season 2,4,"$2,000",Virtus.pro
899,WePlay Dota2 League Season 2,4,"$2,000",4 Friends + Chrillee
900,WePlay Dota2 League Season 2,4,"$2,000",Team Dignitas
901,WePlay Dota2 League Season 2,4,"$2,000",DTS2010
902,WePlay Dota2 League Season 2,4,"$2,000",Super Strong Dinosaurs
903,WePlay Dota2 League Season 2,4,"$2,000",The Retry
904,WePlay Dota2 League Season 2,4,"$2,000",Revenge eSports
905,WePlay Dota2 League Season 2,4,"$2,000",Poseidon
906,WePlay Dota2 League Season 2,4,"$2,000",Fnatic
907,WePlay Dota2 League Season 2,4,"$2,000",ScaryFaceZ
908,National Electronic Sports Tournament 2013,1,"$16,418",LGD Gaming
909,National Electronic Sports Tournament 2013,2,"$11,493",Invictus Gaming
910,National Electronic Sports Tournament 2013,3,"$8,209",TongFu
911,National Electronic Sports Tournament 2013,3,"$8,209",Vici Gaming
912,National Electronic Sports Tournament 2013,3,"$8,209",Team DK
913,National Electronic Sports Tournament 2013,3,"$8,209",GoatishSoul
914,National Electronic Sports Tournament 2013,3,"$8,209",RattleSnake
915,National Electronic Sports Tournament 2013,3,"$8,209",RisingStars
916,Electronic Sports World Cup 2013,1,"$12,500",Team Empire
917,Electronic Sports World Cup 2013,2,"$7,500",Evil Geniuses
918,Electronic Sports World Cup 2013,3,"$5,000",Sigma.int
919,Electronic Sports World Cup 2013,3,"$5,000",4 Friends + Chrillee
920,Electronic Sports World Cup 2013,3,"$5,000",Team aAa
921,Electronic Sports World Cup 2013,3,"$5,000",Zero Respect
922,Electronic Sports World Cup 2013,3,"$5,000",Energy eSports
923,Electronic Sports World Cup 2013,3,"$5,000",Minion!
924,Electronic Sports World Cup 2013,3,"$5,000",Team Muhan
925,Electronic Sports World Cup 2013,3,"$5,000",Reason Gaming
926,Electronic Sports World Cup 2013,3,"$5,000",Insight eSports
927,Electronic Sports World Cup 2013,3,"$5,000",aNarchist
928,StarLadder StarSeries Season 7,1,"$12,000",Natus Vincere
929,StarLadder StarSeries Season 7,2,"$6,000",Alliance
930,StarLadder StarSeries Season 7,3,"$3,000",Team Empire
931,StarLadder StarSeries Season 7,4,"$1,500",RoX.KIS
932,StarLadder StarSeries Season 7,4,"$1,500",Quantic Gaming
933,StarLadder StarSeries Season 7,4,"$1,500",RattleSnake.int
934,StarLadder StarSeries Season 7,4,"$1,500",Power Rangers
935,StarLadder StarSeries Season 7,4,"$1,500",NEXT.kz
936,StarLadder StarSeries Season 7,4,"$1,500",Virtus.pro
937,StarLadder StarSeries Season 7,4,"$1,500",Poseidon
938,StarLadder StarSeries Season 7,4,"$1,500",Fnatic
939,StarLadder StarSeries Season 7,4,"$1,500",4 Friends + Chrillee
940,StarLadder StarSeries Season 7,4,"$1,500",Duza Gaming
941,StarLadder StarSeries Season 7,4,"$1,500",aSpera
942,StarLadder StarSeries Season 7,4,"$1,500",Team Menace.fi
943,StarLadder StarSeries Season 7,4,"$1,500",uebelst gamynG
944,The International 2013,1,"$1,437,190",Alliance
945,The International 2013,2,"$632,364",Natus Vincere
946,The International 2013,3,"$287,438",Orange Esports
947,The International 2013,4,"$201,207",TongFu
948,The International 2013,5,"$114,975",Invictus Gaming
949,The International 2013,5,"$114,975",Team DK
950,The International 2013,7,"$43,116",Team Liquid
951,The International 2013,7,"$43,116",Fnatic
952,The International 2013,7,"$43,116",Team Dignitas
953,The International 2013,7,"$43,116",LGD International
954,The International 2013,7,"$43,116",LGD Gaming
955,The International 2013,7,"$43,116",Team Zenith
956,The International 2013,7,"$43,116",RattleSnake
957,The International 2013,7,"$43,116",mousesports
958,The International 2013,7,"$43,116",MUFC
959,The International 2013,7,"$43,116",Virtus.pro
960,The Defense Season 4,1,"$12,000",Natus Vincere
961,The Defense Season 4,2,"$7,000",Kaipi
962,The Defense Season 4,3,"$4,000",Evil Geniuses
963,The Defense Season 4,4,"$2,000",Team Liquid
964,The Defense Season 4,4,"$2,000",iCCup
965,The Defense Season 4,4,"$2,000",Alliance
966,The Defense Season 4,4,"$2,000",mousesports
967,The Defense Season 4,4,"$2,000",Team Empire
968,The Defense Season 4,4,"$2,000",Team Dignitas
969,The Defense Season 4,4,"$2,000",Virtus.pro
970,The Defense Season 4,4,"$2,000",4 Friends + Chrillee
971,The Defense Season 4,4,"$2,000",NEXT.kz
972,The Defense Season 4,4,"$2,000",RoX.KIS
973,The Defense Season 4,4,"$2,000",Fnatic
974,The Defense Season 4,4,"$2,000",Quantic Gaming
975,The Defense Season 4,4,"$2,000",Lions Pride
976,The Defense Season 4,4,"$2,000",Keita Gaming
977,The Defense Season 4,4,"$2,000",Absolute Legends
978,The Defense Season 4,4,"$2,000",zRAGE
979,The Defense Season 4,4,"$2,000",Artyk Gaming
980,The Premier League Season 5,1,"$9,000",Alliance
981,The Premier League Season 5,2,"$3,000",mousesports
982,The Premier League Season 5,3,"$2,000",Evil Geniuses
983,The Premier League Season 5,4,"$1,000",Virtus.pro
984,RaidCall Dota 2 League Season 3,1,"$5,000",Natus Vincere
985,RaidCall Dota 2 League Season 3,2,"$3,000",mousesports
986,RaidCall Dota 2 League Season 3,3,"$2,000",Fnatic
987,RaidCall Dota 2 League Season 3,3,"$2,000",Alliance
988,RaidCall Dota 2 League Season 3,3,"$2,000",Team Liquid
989,RaidCall Dota 2 League Season 3,3,"$2,000",Team Dignitas
990,RaidCall Dota 2 League Season 3,3,"$2,000",Evil Geniuses
991,RaidCall Dota 2 League Season 3,3,"$2,000",Virtus.pro
992,RaidCall EMS One Summer Season,1,"$12,000",mousesports
993,RaidCall EMS One Summer Season,2,"$7,000",Evil Geniuses
994,RaidCall EMS One Summer Season,3,"$4,000",Fnatic
995,RaidCall EMS One Summer Season,3,"$4,000",iNfernity Gaming
996,RaidCall EMS One Summer Season,5,"$2,000",rat in the dark
997,RaidCall EMS One Summer Season,5,"$2,000",Flipsid3 Tactics
998,RaidCall EMS One Summer Season,5,"$2,000",dargoneblaydes
999,RaidCall EMS One Summer Season,5,"$2,000",Imaginary Gaming
1000,Red Bull ECL 2013 Dota 2 Season,1,"$16,281",LGD Gaming
1001,Red Bull ECL 2013 Dota 2 Season,2,"$3,256",Orange Esports
1002,Red Bull ECL 2013 Dota 2 Season,3,"$1,628",RisingStars
1003,Red Bull ECL 2013 Dota 2 Season,3,"$1,628",Team DK
1004,Red Bull ECL 2013 Dota 2 Season,3,"$1,628",Invictus Gaming
1005,Red Bull ECL 2013 Dota 2 Season,3,"$1,628",RattleSnake
1006,Red Bull ECL 2013 Dota 2 Season,3,"$1,628",TongFu
1007,Red Bull ECL 2013 Dota 2 Season,3,"$1,628",Vici Gaming
1008,Red Bull ECL 2013 Dota 2 Season,3,"$1,628",Royal Club
1009,Red Bull ECL 2013 Dota 2 Season,3,"$1,628",LGD International
1010,Red Bull ECL 2013 Dota 2 Season,3,"$1,628",Esports-MuXi
1011,Red Bull ECL 2013 Dota 2 Season,3,"$1,628",Xiao Peng You
1012,Alienware Cup,1,"$25,000",Natus Vincere
1013,Alienware Cup,2,"$12,000",LGD Gaming
1014,Alienware Cup,3,"$7,000",Invictus Gaming
1015,Alienware Cup,4,"$5,000",Team DK
1016,Alienware Cup,5,"$3,000",TongFu
1017,Alienware Cup,5,"$3,000",Orange Esports
1018,Alienware Cup,7,"$1,500",LGD International
1019,Alienware Cup,7,"$1,500",Team Zenith
1020,Alienware Cup,9,"$1,000",RattleSnake
1021,Alienware Cup,9,"$1,000",MUFC
1022,StarLadder StarSeries Season 6,1,"$12,000",Alliance
1023,StarLadder StarSeries Season 6,2,"$6,000",iCCup
1024,StarLadder StarSeries Season 6,3,"$3,000",Virtus.pro
1025,StarLadder StarSeries Season 6,4,"$1,500",Quantic Gaming
1026,StarLadder StarSeries Season 6,4,"$1,500",Natus Vincere
1027,StarLadder StarSeries Season 6,4,"$1,500",Kaipi
1028,StarLadder StarSeries Season 6,4,"$1,500",mousesports
1029,StarLadder StarSeries Season 6,4,"$1,500",4 Friends + Chrillee
1030,StarLadder StarSeries Season 6,4,"$1,500",RoX.KIS
1031,StarLadder StarSeries Season 6,4,"$1,500",Fnatic
1032,StarLadder StarSeries Season 6,4,"$1,500",TCM-Gaming
1033,StarLadder StarSeries Season 6,4,"$1,500",Team Empire
1034,StarLadder StarSeries Season 6,4,"$1,500",zRAGE
1035,StarLadder StarSeries Season 6,4,"$1,500",Power Rangers
1036,StarLadder StarSeries Season 6,4,"$1,500",Oslik Gaming
1037,StarLadder StarSeries Season 6,4,"$1,500",QPAD Red Pandas
1038,Dota 2 Super League,1,"$81,525",TongFu
1039,Dota 2 Super League,2,"$32,610",Team DK
1040,Dota 2 Super League,3,"$16,305",LGD Gaming
1041,Dota 2 Super League,4,"$8,153",Orange Esports
1042,Dota 2 Super League,5,"$3,261",LGD International
1043,Dota 2 Super League,6,"$3,261",Invictus Gaming
1044,Dota 2 Super League,7,"$3,261",Vici Gaming
1045,Dota 2 Super League,7,"$3,261",RisingStars
1046,Dota 2 Super League,7,"$3,261",RattleSnake
1047,Dota 2 Super League,7,"$3,261",For.Love
1048,DreamHack Summer 2013,1,"$21,664",Alliance
1049,DreamHack Summer 2013,2,"$10,832",Quantic Gaming
1050,DreamHack Summer 2013,3,"$3,869",Evil Geniuses
1051,DreamHack Summer 2013,3,"$3,869",Team Dignitas
1052,DreamHack Summer 2013,5,"$1,547",Team Liquid
1053,DreamHack Summer 2013,5,"$1,547",Virtus.pro
1054,DreamHack Summer 2013,5,"$1,547",Natus Vincere
1055,DreamHack Summer 2013,5,"$1,547",mousesports
1056,DreamHack Summer 2013,5,"$1,547",Lions Pride
1057,DreamHack Summer 2013,5,"$1,547",4 Friends + Chrillee
1058,DreamHack Summer 2013,5,"$1,547",uebelst gamynG
1059,DreamHack Summer 2013,5,"$1,547",TCM-Gaming
1060,DreamHack Summer 2013,5,"$1,547",Keita Gaming
1061,DreamHack Summer 2013,5,"$1,547",Flipsid3 Tactics
1062,DreamHack Summer 2013,5,"$1,547",Fnatic
1063,DreamHack Summer 2013,5,"$1,547",iNfernity Gaming
1064,G-1 Champions League Season 5,1,"$40,723",Alliance
1065,G-1 Champions League Season 5,2,"$13,031",LGD Gaming
1066,G-1 Champions League Season 5,3,"$4,887",Orange Esports
1067,G-1 Champions League Season 5,4,"$3,258",Team DK
1068,G-1 Champions League Season 5,5,"$1,629",Team Liquid
1069,G-1 Champions League Season 5,5,"$1,629",Invictus Gaming
1070,The Premier League Season 4,1,"$5,000",Alliance
1071,The Premier League Season 4,2,"$3,000",Team Liquid
1072,The Premier League Season 4,3,"$2,000",Virtus.pro
1073,The Premier League Season 4,3,"$2,000",Fnatic.EU
1074,The Premier League Season 4,3,"$2,000",Team Empire
1075,The Premier League Season 4,3,"$2,000",Team Dignitas
1076,The Premier League Season 4,3,"$2,000",mousesports
1077,The Premier League Season 4,3,"$2,000",RoX.KIS
1078,The Premier League Season 4,3,"$2,000",Absolute Legends
1079,The Premier League Season 4,3,"$2,000",Kaipi
1080,RaidCall EMS One Spring Season,1,"$12,000",Natus Vincere
1081,RaidCall EMS One Spring Season,2,"$7,000",RoX.KIS
1082,RaidCall EMS One Spring Season,3,"$4,000",Absolute Legends
1083,RaidCall EMS One Spring Season,3,"$4,000",mousesports
1084,RaidCall EMS One Spring Season,5,"$2,000",DD.Dota
1085,RaidCall EMS One Spring Season,5,"$2,000",rat in the dark
1086,RaidCall EMS One Spring Season,5,"$2,000",Alliance
1087,RaidCall EMS One Spring Season,5,"$2,000",Fnatic.EU
1088,RaidCall EMS One Spring Season,9,"$2,000",TCM-Gaming
1089,RaidCall EMS One Spring Season,9,"$2,000",Kaipi
1090,RaidCall EMS One Spring Season,9,"$2,000",Virtus.pro
1091,RaidCall EMS One Spring Season,9,"$2,000",Team Empire
1092,RaidCall EMS One Spring Season,13,"$2,000",Fnatic.NA
1093,RaidCall EMS One Spring Season,13,"$2,000",Team Liquid
1094,RaidCall EMS One Spring Season,13,"$2,000",Infinity Gaming
1095,RaidCall EMS One Spring Season,13,"$2,000",Eosin + 4
1096,RaidCall Dota 2 League Season 2,1,"$5,000",Team Liquid
1097,RaidCall Dota 2 League Season 2,2,"$3,000",Team Dignitas
1098,RaidCall Dota 2 League Season 2,3,"$2,000",Team Empire
1099,RaidCall Dota 2 League Season 2,3,"$2,000",Fnatic.EU
1100,RaidCall Dota 2 League Season 2,3,"$2,000",mousesports
1101,RaidCall Dota 2 League Season 2,3,"$2,000",No Tidehunter
1102,RaidCall Dota 2 League Season 2,3,"$2,000",Natus Vincere
1103,RaidCall Dota 2 League Season 2,3,"$2,000",Virtus.pro
1104,RaidCall Dota 2 League Season 2,3,"$2,000",Evil Geniuses
1105,RaidCall Dota 2 League Season 2,3,"$2,000",DD.Dota
1106,RaidCall Dota 2 League Season 2,3,"$2,000",3DMAX
1107,RaidCall Dota 2 League Season 2,3,"$2,000",Re-defining Madness
1108,StarLadder StarSeries Season 5,1,"$8,000",No Tidehunter
1109,StarLadder StarSeries Season 5,2,"$4,000",Fnatic.EU
1110,StarLadder StarSeries Season 5,3,"$2,000",Virtus.pro
1111,StarLadder StarSeries Season 5,4,"$1,000",Team Empire
1112,StarLadder StarSeries Season 5,4,"$1,000",mousesports
1113,StarLadder StarSeries Season 5,4,"$1,000",Natus Vincere
1114,StarLadder StarSeries Season 5,4,"$1,000",4 Friends + Chrillee
1115,StarLadder StarSeries Season 5,4,"$1,000",3D!Clan
1116,StarLadder StarSeries Season 5,4,"$1,000",RoX.KIS
1117,StarLadder StarSeries Season 5,4,"$1,000",DD.Dota
1118,StarLadder StarSeries Season 5,4,"$1,000",Lions Pride
1119,StarLadder StarSeries Season 5,4,"$1,000",TCM-Gaming
1120,StarLadder StarSeries Season 5,4,"$1,000",Power Rangers
1121,StarLadder StarSeries Season 5,4,"$1,000",3DMAX
1122,StarLadder StarSeries Season 5,4,"$1,000",Absolute Legends
1123,StarLadder StarSeries Season 5,4,"$1,000",freedom of the action
1124,The Defense Season 3,1,"$10,000",Virtus.pro
1125,The Defense Season 3,2,"$5,000",Fnatic.EU
1126,The Defense Season 3,3,"$3,500",Team Dignitas
1127,The Defense Season 3,4,"$1,500",Team Liquid
1128,The Defense Season 3,4,"$1,500",Evil Geniuses
1129,The Defense Season 3,4,"$1,500",No Tidehunter
1130,The Defense Season 3,4,"$1,500",Natus Vincere
1131,The Defense Season 3,4,"$1,500",mousesports
1132,The Defense Season 3,4,"$1,500",Team Empire
1133,The Defense Season 3,4,"$1,500",4 Friends + Chrillee
1134,The Defense Season 3,4,"$1,500",DD.Dota
1135,The Defense Season 3,4,"$1,500",3DMAX
1136,The Defense Season 3,4,"$1,500",Gamer University
1137,The Defense Season 3,4,"$1,500",Romy And The Rest
1138,The Defense Season 3,4,"$1,500",Absolute Legends
1139,The Defense Season 3,4,"$1,500",Re-defining Madness
1140,The Defense Season 3,4,"$1,500",Nex Impetus
1141,The Defense Season 3,4,"$1,500",HWA Gaming
1142,The Defense Season 3,4,"$1,500",Turtle Masters
1143,The Defense Season 3,4,"$1,500",XX5 Gaming
1144,The Defense Season 3,4,"$1,500",Lions Pride
1145,The Defense Season 3,4,"$1,500",paiN Gaming
1146,The Defense Season 3,4,"$1,500",Fnatic.NA
1147,The Defense Season 3,4,"$1,500",Baguette
1148,The Defense Season 3,4,"$1,500",iCCup
1149,The Defense Season 3,4,"$1,500",Kaipi
1150,The Defense Season 3,4,"$1,500",Svenhunterz
1151,The Defense Season 3,4,"$1,500",ROOT Gaming
1152,The Defense Season 3,4,"$1,500",When in Mood
1153,The Defense Season 3,4,"$1,500",NEXT.kz
1154,The Defense Season 3,4,"$1,500",We haz Asian
1155,The Defense Season 3,4,"$1,500",QWERT12345
1156,G-League 2012 Season 2,1,"$32,180",Invictus Gaming
1157,G-League 2012 Season 2,2,"$8,045",LGD International
1158,G-League 2012 Season 2,3,"$1,609",TongFu
1159,G-League 2012 Season 2,3,"$1,609",LGD Gaming
1160,G-League 2012 Season 2,3,"$1,609",Vici Gaming
1161,G-League 2012 Season 2,3,"$1,609",For.Love
1162,G-League 2012 Season 2,3,"$1,609",MUFC
1163,G-League 2012 Season 2,3,"$1,609",Team DK
1164,The Premier League Season 3,1,"$3,000",Team Empire
1165,The Premier League Season 3,2,"$2,000",Virtus.pro
1166,The Premier League Season 3,3,"$1,000",Team Dignitas
1167,The Premier League Season 3,3,"$1,000",Fnatic.EU
1168,The Premier League Season 3,3,"$1,000",mousesports
1169,The Premier League Season 3,3,"$1,000",Absolute Legends
1170,The Premier League Season 3,3,"$1,000",No Tidehunter
1171,The Premier League Season 3,3,"$1,000",Meet Your Makers
1172,The Premier League Season 3,3,"$1,000",Pulse eSports
1173,The Premier League Season 3,3,"$1,000",Eclypsia
1174,StarLadder StarSeries Season 4,1,"$8,000",Natus Vincere
1175,StarLadder StarSeries Season 4,2,"$4,000",Team Empire
1176,StarLadder StarSeries Season 4,3,"$2,000",Fnatic.EU
1177,StarLadder StarSeries Season 4,4,"$1,000",Virtus.pro
1178,StarLadder StarSeries Season 4,4,"$1,000",No Tidehunter
1179,StarLadder StarSeries Season 4,4,"$1,000",mousesports
1180,StarLadder StarSeries Season 4,4,"$1,000",Absolute Legends
1181,StarLadder StarSeries Season 4,4,"$1,000",3DMAX
1182,StarLadder StarSeries Season 4,4,"$1,000",Lions Pride
1183,StarLadder StarSeries Season 4,4,"$1,000",We haz Asian
1184,StarLadder StarSeries Season 4,4,"$1,000",Svenhunterz
1185,StarLadder StarSeries Season 4,4,"$1,000",DD.Dota
1186,StarLadder StarSeries Season 4,4,"$1,000",XX5 Gaming
1187,StarLadder StarSeries Season 4,4,"$1,000",Pulse eSports
1188,StarLadder StarSeries Season 4,4,"$1,000",iLuminate
1189,StarLadder StarSeries Season 4,4,"$1,000",FUBAR
1190,The Asia 2012,1,"$15,000",LGD Gaming
1191,The Asia 2012,2,"$9,000",MUFC
1192,The Asia 2012,3,"$6,000",Orange Esports
1193,The Asia 2012,3,"$6,000",MiTH.Trust
1194,The Asia 2012,3,"$6,000",Natural 9
1195,The Asia 2012,3,"$6,000",Team Zenith
1196,The Asia 2012,3,"$6,000",1st.VN
1197,The Asia 2012,3,"$6,000",Pagibig.TnC
1198,The Asia 2012,3,"$6,000",Team Elunes
1199,The Asia 2012,3,"$6,000",JoeNet
1200,The Asia 2012,3,"$6,000",Team RevivaL
1201,ASUS Open 2012 Finals,1,"$6,000",Team Empire
1202,ASUS Open 2012 Finals,2,"$3,000",Virtus.pro
1203,ASUS Open 2012 Finals,3,"$2,500",Natus Vincere
1204,ASUS Open 2012 Finals,4,"$2,000",Wzriv Paketi
1205,ASUS Open 2012 Finals,5,$750,DevilMice
1206,ASUS Open 2012 Finals,5,$750,iLuminate
1207,Thor Open 2012,1,"$14,969",Fnatic.EU
1208,Thor Open 2012,2,"$2,994",No Tidehunter
1209,Thor Open 2012,3,"$1,497",4 Friends + Chrillee
1210,Thor Open 2012,3,"$1,497",Pulse eSports
1211,Thor Open 2012,3,"$1,497",Out of Tangos
1212,Thor Open 2012,3,"$1,497",ROOT Gaming
1213,Thor Open 2012,3,"$1,497",Gam.DotA
1214,Thor Open 2012,3,"$1,497",Team GO
1215,World Cyber Games 2012,1,"$20,000",Invictus Gaming
1216,World Cyber Games 2012,2,"$9,000",Team DK
1217,World Cyber Games 2012,3,"$4,000",DevilMice
1218,World Cyber Games 2012,3,"$4,000",Orange Esports
1219,World Cyber Games 2012,3,"$4,000",Mineski.Korea
1220,World Cyber Games 2012,3,"$4,000",UA.Shechki
1221,World Cyber Games 2012,3,"$4,000",Elite Home Players
1222,World Cyber Games 2012,3,"$4,000",mousesports
1223,World Cyber Games 2012,3,"$4,000",LoF
1224,DreamHack Winter 2012,1,"$15,099",No Tidehunter
1225,DreamHack Winter 2012,2,"$7,550",Evil Geniuses
1226,DreamHack Winter 2012,3,"$3,775",Team Empire
1227,DreamHack Winter 2012,3,"$3,775",Fnatic.EU
1228,DreamHack Winter 2012,3,"$3,775",Team Dignitas
1229,DreamHack Winter 2012,3,"$3,775",Absolute Legends
1230,DreamHack Winter 2012,3,"$3,775",Natus Vincere
1231,DreamHack Winter 2012,3,"$3,775",We haz Asian
1232,DreamHack Winter 2012,3,"$3,775",3DMAX
1233,DreamHack Winter 2012,3,"$3,775",Out of Tangos
1234,DreamHack Winter 2012,3,"$3,775",4 Friends + Chrillee
1235,DreamHack Winter 2012,3,"$3,775",Rigg3D
1236,DreamHack Winter 2012,3,"$3,775",mousesports
1237,DreamHack Winter 2012,3,"$3,775",Sweet 'N China
1238,DreamHack Winter 2012,3,"$3,775",Pulse eSports
1239,DreamHack Winter 2012,3,"$3,775",SkyHigh
1240,G-1 Champions League Season 4,1,"$28,843",LGD Gaming
1241,G-1 Champions League Season 4,2,"$9,614",Team DK
1242,G-1 Champions League Season 4,3,"$8,012",Orange Esports
1243,G-1 Champions League Season 4,4,"$6,410",Invictus Gaming
1244,G-1 Champions League Season 4,4,"$6,410",MUFC
1245,G-1 Champions League Season 4,4,"$6,410",Evil Geniuses
1246,G-1 Champions League Season 4,4,"$6,410",TongFu
1247,G-1 Champions League Season 4,4,"$6,410",Flash eSports
1248,G-1 Champions League Season 4,4,"$6,410",FTFC
1249,G-1 Champions League Season 4,4,"$6,410",Natural 9
1250,RaidCall Dota 2 League Season 1,1,"$5,000",Team Empire
1251,RaidCall Dota 2 League Season 1,2,"$3,000",Evil Geniuses
1252,RaidCall Dota 2 League Season 1,3,"$2,000",Team Dignitas
1253,RaidCall Dota 2 League Season 1,3,"$2,000",Team Zero
1254,RaidCall Dota 2 League Season 1,3,"$2,000",Pulse eSports
1255,RaidCall Dota 2 League Season 1,3,"$2,000",Fnatic.EU
1256,RaidCall Dota 2 League Season 1,3,"$2,000",Quantic Gaming
1257,RaidCall Dota 2 League Season 1,3,"$2,000",We haz Asian
1258,Electronic Sports World Cup 2012,1,"$12,000",Natus Vincere
1259,Electronic Sports World Cup 2012,2,"$8,000",Team Dignitas
1260,Electronic Sports World Cup 2012,3,"$5,000",Team Shakira
1261,Electronic Sports World Cup 2012,3,"$5,000",Imaginary Gaming
1262,Electronic Sports World Cup 2012,3,"$5,000",SCUTA Gaming
1263,Electronic Sports World Cup 2012,3,"$5,000",Casual Gaming
1264,Electronic Sports World Cup 2012,3,"$5,000",World War Game
1265,Electronic Sports World Cup 2012,3,"$5,000",BaraNet Gaming
1266,StarLadder StarSeries Season 3,1,"$6,000",Natus Vincere
1267,StarLadder StarSeries Season 3,2,"$3,000",Team Empire
1268,StarLadder StarSeries Season 3,3,"$2,500",The GD B-Team
1269,StarLadder StarSeries Season 3,4,"$2,000",Pulse eSports
1270,StarLadder StarSeries Season 3,5,$500,Moscow Five
1271,StarLadder StarSeries Season 3,5,$500,Meet Your Makers
1272,StarLadder StarSeries Season 3,5,$500,Virtus.pro
1273,The International 2012,1,"$1,000,000",Invictus Gaming
1274,The International 2012,2,"$250,000",Natus Vincere
1275,The International 2012,3,"$150,000",LGD Gaming
1276,The International 2012,4,"$80,000",Team DK
1277,The International 2012,5,"$35,000",EHOME
1278,The International 2012,5,"$35,000",Team Zenith
1279,The International 2012,7,"$25,000",TongFu
1280,The International 2012,7,"$25,000",Orange Esports
1281,The International 2012,7,"$25,000",Counter Logic Gaming
1282,The International 2012,7,"$25,000",compLexity Gaming
1283,The International 2012,7,"$25,000",Evil Geniuses
1284,The International 2012,7,"$25,000",Darer
1285,The International 2012,7,"$25,000",Mortal Teamwork
1286,The International 2012,7,"$25,000",mousesports
1287,The International 2012,7,"$25,000",Moscow Five
1288,The International 2012,7,"$25,000",Absolute Legends
1289,The Defense Season 2,1,"$7,375",compLexity Gaming
1290,The Defense Season 2,2,"$3,073",mousesports
1291,The Defense Season 2,3,"$1,844",Counter Logic Gaming
1292,The Defense Season 2,3,"$1,844",Evil Geniuses
1293,The Defense Season 2,3,"$1,844",Quantic Gaming
1294,The Defense Season 2,3,"$1,844",PotM Bottom
1295,The Defense Season 2,3,"$1,844",Storm Games Clan
1296,The Defense Season 2,3,"$1,844",Natus Vincere
1297,The Defense Season 2,3,"$1,844",Mortal Teamwork
1298,The Defense Season 2,3,"$1,844",Moscow Five
1299,The Defense Season 2,3,"$1,844",We haz Asian
1300,The Defense Season 2,3,"$1,844",Darer
1301,The Defense Season 2,3,"$1,844",Absolute Legends
1302,The Defense Season 2,3,"$1,844",Power Rangers
1303,The Defense Season 2,3,"$1,844",uebelst gamynG
1304,The Defense Season 2,3,"$1,844",Team Empire
1305,The Defense Season 2,3,"$1,844",Team Infused
1306,The Defense Season 2,3,"$1,844",zNation
1307,The Defense Season 2,3,"$1,844",4 Friends + Chrillee
1308,The Defense Season 2,3,"$1,844",Hydra
1309,The Defense Season 2,3,"$1,844",Fnatic
1310,The Defense Season 2,3,"$1,844",NEXT.kz
1311,The Defense Season 2,3,"$1,844",HelloMoto
1312,The Defense Season 2,3,"$1,844",Copenhagen Wolves
1313,Prodota 2 Worldwide League,1,"$10,000",PotM Bottom
1314,Prodota 2 Worldwide League,2,"$6,000",Counter Logic Gaming
1315,Prodota 2 Worldwide League,3,"$4,000",mousesports
1316,Prodota 2 Worldwide League,3,"$4,000",Team Infused
1317,Prodota 2 Worldwide League,3,"$4,000",Invictus Gaming
1318,Prodota 2 Worldwide League,3,"$4,000",Quantic Gaming
1319,Prodota 2 Worldwide League,3,"$4,000",Orange Esports
1320,Prodota 2 Worldwide League,3,"$4,000",Team Zenith
1321,StarLadder StarSeries Season 2,1,"$6,000",Natus Vincere
1322,StarLadder StarSeries Season 2,2,"$3,000",mousesports
1323,StarLadder StarSeries Season 2,3,"$2,500",Moscow Five
1324,StarLadder StarSeries Season 2,4,"$2,000",Darer
1325,StarLadder StarSeries Season 2,5,$500,Team Empire
1326,StarLadder StarSeries Season 2,6,$400,Evil Geniuses
1327,StarLadder StarSeries Season 2,7,$350,Keita Gaming
1328,StarLadder StarSeries Season 2,8,$250,Mortal Teamwork
1329,StarLadder StarSeries Season 2,8,$250,Counter Logic Gaming
1330,StarLadder StarSeries Season 2,8,$250,Virtus.pro
1331,StarLadder StarSeries Season 2,8,$250,Absolute Legends
1332,StarLadder StarSeries Season 2,8,$250,Storm Games Clan
1333,StarLadder StarSeries Season 2,8,$250,NEXT.kz
1334,StarLadder StarSeries Season 2,8,$250,zNation
1335,StarLadder StarSeries Season 2,8,$250,SWYC
1336,StarLadder StarSeries Season 2,8,$250,Copenhagen Wolves
1337,The Premier League: Season 2,1,"$5,000",Natus Vincere
1338,The Premier League: Season 2,2,"$3,000",Counter Logic Gaming
1339,The Premier League: Season 2,3,"$2,000",Mortal Teamwork
1340,The Premier League: Season 2,3,"$2,000",mousesports
1341,The Premier League: Season 2,3,"$2,000",compLexity Gaming
1342,The Premier League: Season 2,3,"$2,000",Darer
1343,The Premier League: Season 2,3,"$2,000",Moscow Five
1344,The Premier League: Season 2,3,"$2,000",Team Infused
1345,The Premier League: Season 2,3,"$2,000",monkeybusiness
1346,The Premier League: Season 2,3,"$2,000",NEXT.kz
1347,The Premier League: Season 2,3,"$2,000",Virtus.pro
1348,The Premier League: Season 2,3,"$2,000",Fnatic
1349,DreamHack Summer 2012,1,"$14,386",Mortal Teamwork
1350,DreamHack Summer 2012,2,"$7,193",Natus Vincere
1351,DreamHack Summer 2012,3,"$3,597",mousesports
1352,DreamHack Summer 2012,3,"$3,597",Evil Geniuses
1353,DreamHack Summer 2012,3,"$3,597",Darer
1354,DreamHack Summer 2012,3,"$3,597",Absolute Legends
1355,DreamHack Summer 2012,3,"$3,597",Quantic Gaming
1356,DreamHack Summer 2012,3,"$3,597",Counter Logic Gaming
1357,DreamHack Summer 2012,3,"$3,597",Durus Novem
1358,DreamHack Summer 2012,3,"$3,597",Main Alpha Dimitri
1359,DreamHack Summer 2012,3,"$3,597",Team Infused
1360,DreamHack Summer 2012,3,"$3,597",The Tough Bananas
1361,DreamHack Summer 2012,3,"$3,597",SIB
1362,DreamHack Summer 2012,3,"$3,597",Cop Top
1363,DreamHack Summer 2012,3,"$3,597",4 Friends + Chrillee
1364,DreamHack Summer 2012,3,"$3,597",Keita Gaming
1365,StarLadder StarSeries Season 1,1,"$6,000",Natus Vincere
1366,StarLadder StarSeries Season 1,2,"$3,000",Moscow Five
1367,StarLadder StarSeries Season 1,3,"$2,500",Counter Logic Gaming
1368,StarLadder StarSeries Season 1,4,"$2,000",Darer
1369,StarLadder StarSeries Season 1,5,$500,It's Gosu eSports
1370,StarLadder StarSeries Season 1,6,$400,Team Dignitas
1371,StarLadder StarSeries Season 1,7,$350,Quantic Gaming
1372,StarLadder StarSeries Season 1,8,$250,DTS Gaming
1373,StarLadder StarSeries Season 1,8,$250,Mortal Teamwork
1374,StarLadder StarSeries Season 1,8,$250,Evil Geniuses
1375,StarLadder StarSeries Season 1,8,$250,Western Wolves
1376,StarLadder StarSeries Season 1,8,$250,mousesports
1377,StarLadder StarSeries Season 1,8,$250,NEXT.kz
1378,StarLadder StarSeries Season 1,8,$250,Team Infused
1379,StarLadder StarSeries Season 1,8,$250,Fnatic
1380,StarLadder StarSeries Season 1,8,$250,Power Rangers
1381,The Premier League: Season 1,1,"$5,000",Natus Vincere
1382,The Premier League: Season 1,2,"$3,000",compLexity Gaming
1383,The Premier League: Season 1,3,"$2,000",Absolute Legends
1384,The Premier League: Season 1,3,"$2,000",Quantic Gaming
1385,The Premier League: Season 1,3,"$2,000",Counter Logic Gaming
1386,The Premier League: Season 1,3,"$2,000",Fnatic
1387,The Premier League: Season 1,3,"$2,000",Meet Your Makers
1388,The Premier League: Season 1,3,"$2,000",Team Dignitas
1389,The Premier League: Season 1,3,"$2,000",World Elite
1390,The Premier League: Season 1,3,"$2,000",Mineski
1391,The Defense Season 1,1,"$7,917",Natus Vincere
1392,The Defense Season 1,2,"$3,299",Quantic Gaming
1393,The Defense Season 1,3,"$1,979",Evil Geniuses
1394,The Defense Season 1,3,"$1,979",Absolute Legends
1395,The Defense Season 1,3,"$1,979",Western Wolves
1396,The Defense Season 1,3,"$1,979",Team Dignitas
1397,The Defense Season 1,3,"$1,979",Ariana Gaming
1398,The Defense Season 1,3,"$1,979",mousesports
1399,The Defense Season 1,3,"$1,979",Just 4 the Tournament
1400,The Defense Season 1,3,"$1,979",Finmafia
1401,The Defense Season 1,3,"$1,979",Mortal Teamwork
1402,The Defense Season 1,3,"$1,979",Fnatic
1403,The Defense Season 1,3,"$1,979",Team Zenith
1404,The Defense Season 1,3,"$1,979",youBoat
1405,The Defense Season 1,3,"$1,979",It's Gosu eSports
1406,The Defense Season 1,3,"$1,979",Team Infused
1407,The Defense Season 1,3,"$1,979",Global Domination Time
1408,The Defense Season 1,3,"$1,979",LowLandLions
1409,The Defense Season 1,3,"$1,979",Praeter Cunctas
1410,The Defense Season 1,3,"$1,979",Storm Games Clan
1411,The Defense Season 1,3,"$1,979",roots
1412,The Defense Season 1,3,"$1,979",MUFC
1413,The Defense Season 1,3,"$1,979",EHOME
1414,The Defense Season 1,3,"$1,979",MiTH.Trust
1415,Dota2 Star Championship,1,"$10,000",The Retry
1416,Dota2 Star Championship,2,"$5,000",Natus Vincere
1417,Dota2 Star Championship,3,"$3,500",Moscow Five
1418,Dota2 Star Championship,4,"$1,500",mousesports
1419,Dota2 Star Championship,4,"$1,500",eSahara
1420,Dota2 Star Championship,4,"$1,500",Team Shakira
1421,Dota2 Star Championship,4,"$1,500",Lick the Click
1422,Dota2 Star Championship,4,"$1,500",Power Rangers
1423,Dota2 Star Championship,4,"$1,500",Fos Style
1424,Dota2 Star Championship,4,"$1,500",GameZone
1425,Dota2 Star Championship,4,"$1,500",STF
1426,Dota2 Star Championship,4,"$1,500",iV`aN
1427,Dota2 Star Championship,4,"$1,500",3D
1428,Dota2 Star Championship,4,"$1,500",PD
1429,Dota2 Star Championship,4,"$1,500",Poor Happy Guys
1430,Dota2 Star Championship,4,"$1,500",Jamaos Vu
1431,Electronic Sports World Cup 2011,1,"$12,000",Natus Vincere
1432,Electronic Sports World Cup 2011,2,"$6,000",EHOME
1433,Electronic Sports World Cup 2011,3,"$4,000",GamersLeague
1434,Electronic Sports World Cup 2011,3,"$4,000",monkeybusiness
1435,Electronic Sports World Cup 2011,3,"$4,000",Moscow Five
1436,Electronic Sports World Cup 2011,3,"$4,000",NEXT.kz
1437,Electronic Sports World Cup 2011,3,"$4,000",Virus Gaming
1438,Electronic Sports World Cup 2011,3,"$4,000",BX3 eSports Club
1439,Electronic Sports World Cup 2011,3,"$4,000",Storm Games Clan
1440,Electronic Sports World Cup 2011,3,"$4,000",Orange Esports
1441,Electronic Sports World Cup 2011,3,"$4,000",Lias Gaming
1442,Electronic Sports World Cup 2011,3,"$4,000",BLAST
1443,The International 2011,1,"$1,000,000",Natus Vincere
1444,The International 2011,2,"$250,000",EHOME
1445,The International 2011,3,"$150,000",Scythe Gaming
1446,The International 2011,4,"$80,000",Meet Your Makers
1447,The International 2011,5,"$35,000",Moscow Five
1448,The International 2011,5,"$35,000",Invictus Gaming
1449,The International 2011,7,"$25,000",Nirvana.int
1450,The International 2011,7,"$25,000",MiTH.Trust
1451,The International 2011,7,"$25,000",Virus Gaming
1452,The International 2011,7,"$25,000",TyLoo
1453,The International 2011,7,"$25,000",Mineski
1454,The International 2011,7,"$25,000",MUFC
1455,The International 2011,7,"$25,000",Storm Games Clan
1456,The International 2011,7,"$25,000",GosuGamers
1457,The International 2011,7,"$25,000",OK.Nirvana.cn
1458,The International 2011,7,"$25,000",Next Evolution
